AREA_NAME,GEO_LABEL,COUNTRY,ADM1_NAME,ADM2_NAME,Million plus city names
INDIA,INDIA,INDIA,,,
.ANDAMAN AND NICOBAR ISLANDS,INDIA_ANDAMAN AND NICOBAR ISLANDS,INDIA,ANDAMAN AND NICOBAR ISLANDS,,
..NICOBAR,INDIA_ANDAMAN AND NICOBAR ISLANDS_NICOBAR,INDIA,ANDAMAN AND NICOBAR ISLANDS,NICOBAR,
..NORTH  AND MIDDLE ANDAMAN,INDIA_ANDAMAN AND NICOBAR ISLANDS_NORTH  AND MIDDLE ANDAMAN,INDIA,ANDAMAN AND NICOBAR ISLANDS,NORTH  AND MIDDLE ANDAMAN,
..SOUTH ANDAMAN,INDIA_ANDAMAN AND NICOBAR ISLANDS_SOUTH ANDAMAN,INDIA,ANDAMAN AND NICOBAR ISLANDS,SOUTH ANDAMAN,
.ANDHRA PRADESH,INDIA_ANDHRA PRADESH,INDIA,ANDHRA PRADESH,,
..SR?K?KULAM,INDIA_ANDHRA PRADESH_SR?K?KULAM,INDIA,ANDHRA PRADESH,SR?K?KULAM,
..VIZIANAGARAM,INDIA_ANDHRA PRADESH_VIZIANAGARAM,INDIA,ANDHRA PRADESH,VIZIANAGARAM,
..VISH?KHAPATNAM,INDIA_ANDHRA PRADESH_VISH?KHAPATNAM,INDIA,ANDHRA PRADESH,VISH?KHAPATNAM,GVMC
..EAST GOD?VARI,INDIA_ANDHRA PRADESH_EAST GOD?VARI,INDIA,ANDHRA PRADESH,EAST GOD?VARI,
..WEST GOD?VARI,INDIA_ANDHRA PRADESH_WEST GOD?VARI,INDIA,ANDHRA PRADESH,WEST GOD?VARI,
..KRISHNA,INDIA_ANDHRA PRADESH_KRISHNA,INDIA,ANDHRA PRADESH,KRISHNA,Vijayawada
..GUNT?R,INDIA_ANDHRA PRADESH_GUNT?R,INDIA,ANDHRA PRADESH,GUNT?R,Vijayawada
..PRAKASAM,INDIA_ANDHRA PRADESH_PRAKASAM,INDIA,ANDHRA PRADESH,PRAKASAM,
..NELLORE,INDIA_ANDHRA PRADESH_NELLORE,INDIA,ANDHRA PRADESH,NELLORE,
..YSR KADAPA,INDIA_ANDHRA PRADESH_YSR KADAPA,INDIA,ANDHRA PRADESH,YSR KADAPA,
..KURNOOL,INDIA_ANDHRA PRADESH_KURNOOL,INDIA,ANDHRA PRADESH,KURNOOL,
..ANANTAPUR,INDIA_ANDHRA PRADESH_ANANTAPUR,INDIA,ANDHRA PRADESH,ANANTAPUR,
..CHITTOOR,INDIA_ANDHRA PRADESH_CHITTOOR,INDIA,ANDHRA PRADESH,CHITTOOR,
.ARUN?CHAL PRADESH,INDIA_ARUN?CHAL PRADESH,INDIA,ARUN?CHAL PRADESH,,
..TAWANG,INDIA_ARUN?CHAL PRADESH_TAWANG,INDIA,ARUN?CHAL PRADESH,TAWANG,
..WEST KAMENG,INDIA_ARUN?CHAL PRADESH_WEST KAMENG,INDIA,ARUN?CHAL PRADESH,WEST KAMENG,
..EAST KAMENG,INDIA_ARUN?CHAL PRADESH_EAST KAMENG,INDIA,ARUN?CHAL PRADESH,EAST KAMENG,
..PAPUM PARE,INDIA_ARUN?CHAL PRADESH_PAPUM PARE,INDIA,ARUN?CHAL PRADESH,PAPUM PARE,
..UPPER SUBANSIRI,INDIA_ARUN?CHAL PRADESH_UPPER SUBANSIRI,INDIA,ARUN?CHAL PRADESH,UPPER SUBANSIRI,
..WEST SIANG,INDIA_ARUN?CHAL PRADESH_WEST SIANG,INDIA,ARUN?CHAL PRADESH,WEST SIANG,
..EAST SIANG,INDIA_ARUN?CHAL PRADESH_EAST SIANG,INDIA,ARUN?CHAL PRADESH,EAST SIANG,
..UPPER SIANG,INDIA_ARUN?CHAL PRADESH_UPPER SIANG,INDIA,ARUN?CHAL PRADESH,UPPER SIANG,
..CHANGLANG,INDIA_ARUN?CHAL PRADESH_CHANGLANG,INDIA,ARUN?CHAL PRADESH,CHANGLANG,
..LONGDING,INDIA_ARUN?CHAL PRADESH_LONGDING,INDIA,ARUN?CHAL PRADESH,LONGDING,
..TIR?P,INDIA_ARUN?CHAL PRADESH_TIR?P,INDIA,ARUN?CHAL PRADESH,TIR?P,
..LOWER SUBANSIRI,INDIA_ARUN?CHAL PRADESH_LOWER SUBANSIRI,INDIA,ARUN?CHAL PRADESH,LOWER SUBANSIRI,
..KURUNG KUMEY,INDIA_ARUN?CHAL PRADESH_KURUNG KUMEY,INDIA,ARUN?CHAL PRADESH,KURUNG KUMEY,
..DIB?NG VALLEY,INDIA_ARUN?CHAL PRADESH_DIB?NG VALLEY,INDIA,ARUN?CHAL PRADESH,DIB?NG VALLEY,
..LOWER DIBANG VALLEY,INDIA_ARUN?CHAL PRADESH_LOWER DIBANG VALLEY,INDIA,ARUN?CHAL PRADESH,LOWER DIBANG VALLEY,
..LOHIT,INDIA_ARUN?CHAL PRADESH_LOHIT,INDIA,ARUN?CHAL PRADESH,LOHIT,
..NAMSAI,INDIA_ARUN?CHAL PRADESH_NAMSAI,INDIA,ARUN?CHAL PRADESH,NAMSAI,
..ANJAW,INDIA_ARUN?CHAL PRADESH_ANJAW,INDIA,ARUN?CHAL PRADESH,ANJAW,
.ASSAM,INDIA_ASSAM,INDIA,ASSAM,,
..KOKRAJHAR,INDIA_ASSAM_KOKRAJHAR,INDIA,ASSAM,KOKRAJHAR,
..DHUBRI,INDIA_ASSAM_DHUBRI,INDIA,ASSAM,DHUBRI,
..GO?LP?RA,INDIA_ASSAM_GO?LP?RA,INDIA,ASSAM,GO?LP?RA,
..BARPETA,INDIA_ASSAM_BARPETA,INDIA,ASSAM,BARPETA,
..MORIGAON,INDIA_ASSAM_MORIGAON,INDIA,ASSAM,MORIGAON,
..NOWGONG,INDIA_ASSAM_NOWGONG,INDIA,ASSAM,NOWGONG,
..SONITPUR,INDIA_ASSAM_SONITPUR,INDIA,ASSAM,SONITPUR,
..LAKHIMPUR,INDIA_ASSAM_LAKHIMPUR,INDIA,ASSAM,LAKHIMPUR,
..DHEMAJI,INDIA_ASSAM_DHEMAJI,INDIA,ASSAM,DHEMAJI,
..TINSUKIA,INDIA_ASSAM_TINSUKIA,INDIA,ASSAM,TINSUKIA,
..DIBRUGARH,INDIA_ASSAM_DIBRUGARH,INDIA,ASSAM,DIBRUGARH,
..SIBS?GAR,INDIA_ASSAM_SIBS?GAR,INDIA,ASSAM,SIBS?GAR,
..JORHAT,INDIA_ASSAM_JORHAT,INDIA,ASSAM,JORHAT,
..GOLAGHAT,INDIA_ASSAM_GOLAGHAT,INDIA,ASSAM,GOLAGHAT,
..K?RBI ?NGLONG,INDIA_ASSAM_K?RBI ?NGLONG,INDIA,ASSAM,K?RBI ?NGLONG,
..DIMA HASAO,INDIA_ASSAM_DIMA HASAO,INDIA,ASSAM,DIMA HASAO,
..C?CH?R,INDIA_ASSAM_C?CH?R,INDIA,ASSAM,C?CH?R,
..KARIMGANJ,INDIA_ASSAM_KARIMGANJ,INDIA,ASSAM,KARIMGANJ,
..HAILAKANDI,INDIA_ASSAM_HAILAKANDI,INDIA,ASSAM,HAILAKANDI,
..BONGAIGAON,INDIA_ASSAM_BONGAIGAON,INDIA,ASSAM,BONGAIGAON,
..CHIRANG,INDIA_ASSAM_CHIRANG,INDIA,ASSAM,CHIRANG,
..K?MR?P,INDIA_ASSAM_K?MR?P,INDIA,ASSAM,K?MR?P,
..KAMRUP METROPOLITAN,INDIA_ASSAM_KAMRUP METROPOLITAN,INDIA,ASSAM,KAMRUP METROPOLITAN,
..NALBARI,INDIA_ASSAM_NALBARI,INDIA,ASSAM,NALBARI,
..BAKSA,INDIA_ASSAM_BAKSA,INDIA,ASSAM,BAKSA,
..DARRANG,INDIA_ASSAM_DARRANG,INDIA,ASSAM,DARRANG,
..UDALGURI,INDIA_ASSAM_UDALGURI,INDIA,ASSAM,UDALGURI,
.BIH?R,INDIA_BIH?R,INDIA,BIH?R,,
..PASHCHIM CHAMP?RAN,INDIA_BIH?R_PASHCHIM CHAMP?RAN,INDIA,BIH?R,PASHCHIM CHAMP?RAN,
..P?RBA CHAMP?RAN,INDIA_BIH?R_P?RBA CHAMP?RAN,INDIA,BIH?R,P?RBA CHAMP?RAN,
..SHEOHAR,INDIA_BIH?R_SHEOHAR,INDIA,BIH?R,SHEOHAR,
..S?T?MARHI,INDIA_BIH?R_S?T?MARHI,INDIA,BIH?R,S?T?MARHI,
..MADHUBANI,INDIA_BIH?R_MADHUBANI,INDIA,BIH?R,MADHUBANI,
..SUPAUL,INDIA_BIH?R_SUPAUL,INDIA,BIH?R,SUPAUL,
..ARARIA,INDIA_BIH?R_ARARIA,INDIA,BIH?R,ARARIA,
..KISHANGANJ,INDIA_BIH?R_KISHANGANJ,INDIA,BIH?R,KISHANGANJ,
..PURNIA,INDIA_BIH?R_PURNIA,INDIA,BIH?R,PURNIA,
..KATIH?R,INDIA_BIH?R_KATIH?R,INDIA,BIH?R,KATIH?R,
..MADHEPURA,INDIA_BIH?R_MADHEPURA,INDIA,BIH?R,MADHEPURA,
..SAHARSA,INDIA_BIH?R_SAHARSA,INDIA,BIH?R,SAHARSA,
..DARBHANGA,INDIA_BIH?R_DARBHANGA,INDIA,BIH?R,DARBHANGA,
..MUZAFFARPUR,INDIA_BIH?R_MUZAFFARPUR,INDIA,BIH?R,MUZAFFARPUR,
..GOP?LGANJ,INDIA_BIH?R_GOP?LGANJ,INDIA,BIH?R,GOP?LGANJ,
..SIW?N,INDIA_BIH?R_SIW?N,INDIA,BIH?R,SIW?N,
..S?RAN,INDIA_BIH?R_S?RAN,INDIA,BIH?R,S?RAN,
..VAISH?LI,INDIA_BIH?R_VAISH?LI,INDIA,BIH?R,VAISH?LI,
..SAMAST?PUR,INDIA_BIH?R_SAMAST?PUR,INDIA,BIH?R,SAMAST?PUR,
..BEGUSAR?I,INDIA_BIH?R_BEGUSAR?I,INDIA,BIH?R,BEGUSAR?I,
..KHAGARIA,INDIA_BIH?R_KHAGARIA,INDIA,BIH?R,KHAGARIA,
..BH?GALPUR,INDIA_BIH?R_BH?GALPUR,INDIA,BIH?R,BH?GALPUR,
..BANKA,INDIA_BIH?R_BANKA,INDIA,BIH?R,BANKA,
..MUNGER,INDIA_BIH?R_MUNGER,INDIA,BIH?R,MUNGER,
..LAKHISARAI,INDIA_BIH?R_LAKHISARAI,INDIA,BIH?R,LAKHISARAI,
..SHEIKHPURA,INDIA_BIH?R_SHEIKHPURA,INDIA,BIH?R,SHEIKHPURA,
..N?LANDA,INDIA_BIH?R_N?LANDA,INDIA,BIH?R,N?LANDA,
..PATNA,INDIA_BIH?R_PATNA,INDIA,BIH?R,PATNA,Patna
..BHOJPUR,INDIA_BIH?R_BHOJPUR,INDIA,BIH?R,BHOJPUR,
..BUXAR,INDIA_BIH?R_BUXAR,INDIA,BIH?R,BUXAR,
..KAIMUR (BHABUA),INDIA_BIH?R_KAIMUR (BHABUA),INDIA,BIH?R,KAIMUR (BHABUA),
..ROHT?S,INDIA_BIH?R_ROHT?S,INDIA,BIH?R,ROHT?S,
..AURANG?B?D,INDIA_BIH?R_AURANG?B?D,INDIA,BIH?R,AURANG?B?D,
..GAY?,INDIA_BIH?R_GAY?,INDIA,BIH?R,GAY?,
..NAW?DA,INDIA_BIH?R_NAW?DA,INDIA,BIH?R,NAW?DA,
..JAMUI,INDIA_BIH?R_JAMUI,INDIA,BIH?R,JAMUI,
..JEHANABAD,INDIA_BIH?R_JEHANABAD,INDIA,BIH?R,JEHANABAD,
..ARWAL,INDIA_BIH?R_ARWAL,INDIA,BIH?R,ARWAL,
.CHAND?GARH,INDIA_CHAND?GARH,INDIA,CHAND?GARH,,
..CHAND?GARH,INDIA_CHAND?GARH_CHAND?GARH,INDIA,CHAND?GARH,CHAND?GARH,Chandigarh
.CHHATT?SGARH,INDIA_CHHATT?SGARH,INDIA,CHHATT?SGARH,,
..KORIYA,INDIA_CHHATT?SGARH_KORIYA,INDIA,CHHATT?SGARH,KORIYA,
..BALRAMPUR,INDIA_CHHATT?SGARH_BALRAMPUR,INDIA,CHHATT?SGARH,BALRAMPUR,
..SURAJPUR,INDIA_CHHATT?SGARH_SURAJPUR,INDIA,CHHATT?SGARH,SURAJPUR,
..SURGUJA,INDIA_CHHATT?SGARH_SURGUJA,INDIA,CHHATT?SGARH,SURGUJA,
..JASHPUR,INDIA_CHHATT?SGARH_JASHPUR,INDIA,CHHATT?SGARH,JASHPUR,
..RAIGARH,INDIA_CHHATT?SGARH_RAIGARH,INDIA,CHHATT?SGARH,RAIGARH,
..KORBA,INDIA_CHHATT?SGARH_KORBA,INDIA,CHHATT?SGARH,KORBA,
..JANJGIR-CHAMPA,INDIA_CHHATT?SGARH_JANJGIR-CHAMPA,INDIA,CHHATT?SGARH,JANJGIR-CHAMPA,
..BIL?SPUR,INDIA_CHHATT?SGARH_BIL?SPUR,INDIA,CHHATT?SGARH,BIL?SPUR,
..MUNGELI,INDIA_CHHATT?SGARH_MUNGELI,INDIA,CHHATT?SGARH,MUNGELI,
..KABIRDHAM,INDIA_CHHATT?SGARH_KABIRDHAM,INDIA,CHHATT?SGARH,KABIRDHAM,
..R?J N?NDGAON,INDIA_CHHATT?SGARH_R?J N?NDGAON,INDIA,CHHATT?SGARH,R?J N?NDGAON,
..BALOD,INDIA_CHHATT?SGARH_BALOD,INDIA,CHHATT?SGARH,BALOD,
..BEMETARA,INDIA_CHHATT?SGARH_BEMETARA,INDIA,CHHATT?SGARH,BEMETARA,
..DURG,INDIA_CHHATT?SGARH_DURG,INDIA,CHHATT?SGARH,DURG,Durg-Bhilai Nagar
..BALODA BAZAR,INDIA_CHHATT?SGARH_BALODA BAZAR,INDIA,CHHATT?SGARH,BALODA BAZAR,
..GARIYABAND,INDIA_CHHATT?SGARH_GARIYABAND,INDIA,CHHATT?SGARH,GARIYABAND,
..RAIPUR,INDIA_CHHATT?SGARH_RAIPUR,INDIA,CHHATT?SGARH,RAIPUR,Raipur
..MAHASAMUND,INDIA_CHHATT?SGARH_MAHASAMUND,INDIA,CHHATT?SGARH,MAHASAMUND,
..DHAMTARI,INDIA_CHHATT?SGARH_DHAMTARI,INDIA,CHHATT?SGARH,DHAMTARI,
..UTTAR BASTAR KANKER,INDIA_CHHATT?SGARH_UTTAR BASTAR KANKER,INDIA,CHHATT?SGARH,UTTAR BASTAR KANKER,
..BASTAR,INDIA_CHHATT?SGARH_BASTAR,INDIA,CHHATT?SGARH,BASTAR,
..KONDAGAON,INDIA_CHHATT?SGARH_KONDAGAON,INDIA,CHHATT?SGARH,KONDAGAON,
..NARAYANPUR,INDIA_CHHATT?SGARH_NARAYANPUR,INDIA,CHHATT?SGARH,NARAYANPUR,
..DAKSHIN BASTAR DANTEWADA,INDIA_CHHATT?SGARH_DAKSHIN BASTAR DANTEWADA,INDIA,CHHATT?SGARH,DAKSHIN BASTAR DANTEWADA,
..SUKMA,INDIA_CHHATT?SGARH_SUKMA,INDIA,CHHATT?SGARH,SUKMA,
..BIJAPUR,INDIA_CHHATT?SGARH_BIJAPUR,INDIA,CHHATT?SGARH,BIJAPUR,
.D?DRA AND NAGAR HAVELI,INDIA_D?DRA AND NAGAR HAVELI,INDIA,D?DRA AND NAGAR HAVELI,,
..D?DRA AND NAGAR HAVELI,INDIA_D?DRA AND NAGAR HAVELI_D?DRA AND NAGAR HAVELI,INDIA,D?DRA AND NAGAR HAVELI,D?DRA AND NAGAR HAVELI,
.DAM?N AND DIU,INDIA_DAM?N AND DIU,INDIA,DAM?N AND DIU,,
..DIU,INDIA_DAM?N AND DIU_DIU,INDIA,DAM?N AND DIU,DIU,
..DAM?N,INDIA_DAM?N AND DIU_DAM?N,INDIA,DAM?N AND DIU,DAM?N,
.DELHI,INDIA_DELHI,INDIA,DELHI,,
..NORTH WEST,INDIA_DELHI_NORTH WEST,INDIA,DELHI,NORTH WEST,Delhi
..NORTH,INDIA_DELHI_NORTH,INDIA,DELHI,NORTH,Delhi
..NORTH EAST,INDIA_DELHI_NORTH EAST,INDIA,DELHI,NORTH EAST,Delhi
..EAST,INDIA_DELHI_EAST,INDIA,DELHI,EAST,Delhi
..NEW DELHI,INDIA_DELHI_NEW DELHI,INDIA,DELHI,NEW DELHI,Delhi
..CENTRAL,INDIA_DELHI_CENTRAL,INDIA,DELHI,CENTRAL,Delhi
..WEST,INDIA_DELHI_WEST,INDIA,DELHI,WEST,Delhi
..SOUTH WEST,INDIA_DELHI_SOUTH WEST,INDIA,DELHI,SOUTH WEST,Delhi
..SOUTH,INDIA_DELHI_SOUTH,INDIA,DELHI,SOUTH,Delhi
.GOA,INDIA_GOA,INDIA,GOA,,
..NORTH GOA,INDIA_GOA_NORTH GOA,INDIA,GOA,NORTH GOA,
..SOUTH GOA,INDIA_GOA_SOUTH GOA,INDIA,GOA,SOUTH GOA,
.GUJAR?T,INDIA_GUJAR?T,INDIA,GUJAR?T,,
..KACHCHH,INDIA_GUJAR?T_KACHCHH,INDIA,GUJAR?T,KACHCHH,
..BAN?S K?NTHA,INDIA_GUJAR?T_BAN?S K?NTHA,INDIA,GUJAR?T,BAN?S K?NTHA,
..PATAN,INDIA_GUJAR?T_PATAN,INDIA,GUJAR?T,PATAN,
..MAHESANA,INDIA_GUJAR?T_MAHESANA,INDIA,GUJAR?T,MAHESANA,
..ARVALLI,INDIA_GUJAR?T_ARVALLI,INDIA,GUJAR?T,ARVALLI,
..SABAR K?NTHA,INDIA_GUJAR?T_SABAR K?NTHA,INDIA,GUJAR?T,SABAR K?NTHA,
..G?NDH?NAGAR,INDIA_GUJAR?T_G?NDH?NAGAR,INDIA,GUJAR?T,G?NDH?NAGAR,Ahmadabad
..AHMAD?B?D,INDIA_GUJAR?T_AHMAD?B?D,INDIA,GUJAR?T,AHMAD?B?D,Ahmadabad
..BOTAD,INDIA_GUJAR?T_BOTAD,INDIA,GUJAR?T,BOTAD,
..SURENDRANAGAR,INDIA_GUJAR?T_SURENDRANAGAR,INDIA,GUJAR?T,SURENDRANAGAR,
..MORVI,INDIA_GUJAR?T_MORVI,INDIA,GUJAR?T,MORVI,
..R?JKOT,INDIA_GUJAR?T_R?JKOT,INDIA,GUJAR?T,R?JKOT,Rakjot
..DEVBHUMI DWARKA,INDIA_GUJAR?T_DEVBHUMI DWARKA,INDIA,GUJAR?T,DEVBHUMI DWARKA,
..J?MNAGAR,INDIA_GUJAR?T_J?MNAGAR,INDIA,GUJAR?T,J?MNAGAR,
..PORBANDAR,INDIA_GUJAR?T_PORBANDAR,INDIA,GUJAR?T,PORBANDAR,
..GIR SOMNATH,INDIA_GUJAR?T_GIR SOMNATH,INDIA,GUJAR?T,GIR SOMNATH,
..J?N?GADH,INDIA_GUJAR?T_J?N?GADH,INDIA,GUJAR?T,J?N?GADH,
..AMRELI,INDIA_GUJAR?T_AMRELI,INDIA,GUJAR?T,AMRELI,
..BH?VNAGAR,INDIA_GUJAR?T_BH?VNAGAR,INDIA,GUJAR?T,BH?VNAGAR,
..ANAND,INDIA_GUJAR?T_ANAND,INDIA,GUJAR?T,ANAND,
..KHEDA,INDIA_GUJAR?T_KHEDA,INDIA,GUJAR?T,KHEDA,
..MAHISAGAR,INDIA_GUJAR?T_MAHISAGAR,INDIA,GUJAR?T,MAHISAGAR,
..PANCH MAHALS,INDIA_GUJAR?T_PANCH MAHALS,INDIA,GUJAR?T,PANCH MAHALS,
..DOHAD,INDIA_GUJAR?T_DOHAD,INDIA,GUJAR?T,DOHAD,
..CHHOTA UDAIPUR,INDIA_GUJAR?T_CHHOTA UDAIPUR,INDIA,GUJAR?T,CHHOTA UDAIPUR,
..VADODARA,INDIA_GUJAR?T_VADODARA,INDIA,GUJAR?T,VADODARA,Vadodara
..NARMADA,INDIA_GUJAR?T_NARMADA,INDIA,GUJAR?T,NARMADA,
..BHAR?CH,INDIA_GUJAR?T_BHAR?CH,INDIA,GUJAR?T,BHAR?CH,
..THE D?NGS,INDIA_GUJAR?T_THE D?NGS,INDIA,GUJAR?T,THE D?NGS,
..NAVSARI,INDIA_GUJAR?T_NAVSARI,INDIA,GUJAR?T,NAVSARI,
..VALS?D,INDIA_GUJAR?T_VALS?D,INDIA,GUJAR?T,VALS?D,
..S?RAT,INDIA_GUJAR?T_S?RAT,INDIA,GUJAR?T,S?RAT,Surat
..TAPI,INDIA_GUJAR?T_TAPI,INDIA,GUJAR?T,TAPI,
.HARY?NA,INDIA_HARY?NA,INDIA,HARY?NA,,
..PANCHKULA,INDIA_HARY?NA_PANCHKULA,INDIA,HARY?NA,PANCHKULA,
..AMB?LA,INDIA_HARY?NA_AMB?LA,INDIA,HARY?NA,AMB?LA,
..YAMUNANAGAR,INDIA_HARY?NA_YAMUNANAGAR,INDIA,HARY?NA,YAMUNANAGAR,
..KURUKSHETRA,INDIA_HARY?NA_KURUKSHETRA,INDIA,HARY?NA,KURUKSHETRA,
..KAITHAL,INDIA_HARY?NA_KAITHAL,INDIA,HARY?NA,KAITHAL,
..KARN?L,INDIA_HARY?NA_KARN?L,INDIA,HARY?NA,KARN?L,
..PANIPAT,INDIA_HARY?NA_PANIPAT,INDIA,HARY?NA,PANIPAT,
..SON?PAT,INDIA_HARY?NA_SON?PAT,INDIA,HARY?NA,SON?PAT,
..J?ND,INDIA_HARY?NA_J?ND,INDIA,HARY?NA,J?ND,
..FATEHABAD,INDIA_HARY?NA_FATEHABAD,INDIA,HARY?NA,FATEHABAD,
..SIRSA,INDIA_HARY?NA_SIRSA,INDIA,HARY?NA,SIRSA,
..HIS?R,INDIA_HARY?NA_HIS?R,INDIA,HARY?NA,HIS?R,
..BHIWANI,INDIA_HARY?NA_BHIWANI,INDIA,HARY?NA,BHIWANI,
..ROHTAK,INDIA_HARY?NA_ROHTAK,INDIA,HARY?NA,ROHTAK,
..JHAJJAR,INDIA_HARY?NA_JHAJJAR,INDIA,HARY?NA,JHAJJAR,
..MAHENDRAGARH,INDIA_HARY?NA_MAHENDRAGARH,INDIA,HARY?NA,MAHENDRAGARH,
..REWARI,INDIA_HARY?NA_REWARI,INDIA,HARY?NA,REWARI,
..GURGAON,INDIA_HARY?NA_GURGAON,INDIA,HARY?NA,GURGAON,
..MEWAT,INDIA_HARY?NA_MEWAT,INDIA,HARY?NA,MEWAT,
..FARIDABAD,INDIA_HARY?NA_FARIDABAD,INDIA,HARY?NA,FARIDABAD,Faridabad
..PALWAL,INDIA_HARY?NA_PALWAL,INDIA,HARY?NA,PALWAL,
.HIM?CHAL PRADESH,INDIA_HIM?CHAL PRADESH,INDIA,HIM?CHAL PRADESH,,
..CHAMBA,INDIA_HIM?CHAL PRADESH_CHAMBA,INDIA,HIM?CHAL PRADESH,CHAMBA,
..K?NGRA,INDIA_HIM?CHAL PRADESH_K?NGRA,INDIA,HIM?CHAL PRADESH,K?NGRA,
..L?HUL AND SPITI,INDIA_HIM?CHAL PRADESH_L?HUL AND SPITI,INDIA,HIM?CHAL PRADESH,L?HUL AND SPITI,
..KULU,INDIA_HIM?CHAL PRADESH_KULU,INDIA,HIM?CHAL PRADESH,KULU,
..MANDI,INDIA_HIM?CHAL PRADESH_MANDI,INDIA,HIM?CHAL PRADESH,MANDI,
..HAM?RPUR,INDIA_HIM?CHAL PRADESH_HAM?RPUR,INDIA,HIM?CHAL PRADESH,HAM?RPUR,
..UNA,INDIA_HIM?CHAL PRADESH_UNA,INDIA,HIM?CHAL PRADESH,UNA,
..BIL?SPUR,INDIA_HIM?CHAL PRADESH_BIL?SPUR,INDIA,HIM?CHAL PRADESH,BIL?SPUR,
..SOLAN,INDIA_HIM?CHAL PRADESH_SOLAN,INDIA,HIM?CHAL PRADESH,SOLAN,
..SIRMAUR,INDIA_HIM?CHAL PRADESH_SIRMAUR,INDIA,HIM?CHAL PRADESH,SIRMAUR,
..SHIMLA,INDIA_HIM?CHAL PRADESH_SHIMLA,INDIA,HIM?CHAL PRADESH,SHIMLA,
..KINNAUR,INDIA_HIM?CHAL PRADESH_KINNAUR,INDIA,HIM?CHAL PRADESH,KINNAUR,
.JAMMU AND KASHM?R,INDIA_JAMMU AND KASHM?R,INDIA,JAMMU AND KASHM?R,,
..KUPWARA,INDIA_JAMMU AND KASHM?R_KUPWARA,INDIA,JAMMU AND KASHM?R,KUPWARA,
..BADGAM,INDIA_JAMMU AND KASHM?R_BADGAM,INDIA,JAMMU AND KASHM?R,BADGAM,Srinagar
..LAD?KH,INDIA_JAMMU AND KASHM?R_LAD?KH,INDIA,JAMMU AND KASHM?R,LAD?KH,
..KARGIL,INDIA_JAMMU AND KASHM?R_KARGIL,INDIA,JAMMU AND KASHM?R,KARGIL,
..PULWAMA,INDIA_JAMMU AND KASHM?R_PULWAMA,INDIA,JAMMU AND KASHM?R,PULWAMA,
..R?JAURI,INDIA_JAMMU AND KASHM?R_R?JAURI,INDIA,JAMMU AND KASHM?R,R?JAURI,
..KATHUA,INDIA_JAMMU AND KASHM?R_KATHUA,INDIA,JAMMU AND KASHM?R,KATHUA,
..B?RAM?LA,INDIA_JAMMU AND KASHM?R_B?RAM?LA,INDIA,JAMMU AND KASHM?R,B?RAM?LA,
..BANDIPORE,INDIA_JAMMU AND KASHM?R_BANDIPORE,INDIA,JAMMU AND KASHM?R,BANDIPORE,
..SR?NAGAR,INDIA_JAMMU AND KASHM?R_SR?NAGAR,INDIA,JAMMU AND KASHM?R,SR?NAGAR,Srinagar
..GANDERBAL,INDIA_JAMMU AND KASHM?R_GANDERBAL,INDIA,JAMMU AND KASHM?R,GANDERBAL,
..POONCH,INDIA_JAMMU AND KASHM?R_POONCH,INDIA,JAMMU AND KASHM?R,POONCH,
..SHOPIAN,INDIA_JAMMU AND KASHM?R_SHOPIAN,INDIA,JAMMU AND KASHM?R,SHOPIAN,
..ANANTN?G,INDIA_JAMMU AND KASHM?R_ANANTN?G,INDIA,JAMMU AND KASHM?R,ANANTN?G,Anantnag
..KULGAM,INDIA_JAMMU AND KASHM?R_KULGAM,INDIA,JAMMU AND KASHM?R,KULGAM,Anantnag
..DODA,INDIA_JAMMU AND KASHM?R_DODA,INDIA,JAMMU AND KASHM?R,DODA,
..RAMBAN,INDIA_JAMMU AND KASHM?R_RAMBAN,INDIA,JAMMU AND KASHM?R,RAMBAN,
..KISHTWAR,INDIA_JAMMU AND KASHM?R_KISHTWAR,INDIA,JAMMU AND KASHM?R,KISHTWAR,
..UDHAMPUR,INDIA_JAMMU AND KASHM?R_UDHAMPUR,INDIA,JAMMU AND KASHM?R,UDHAMPUR,
..REASI,INDIA_JAMMU AND KASHM?R_REASI,INDIA,JAMMU AND KASHM?R,REASI,
..JAMMU,INDIA_JAMMU AND KASHM?R_JAMMU,INDIA,JAMMU AND KASHM?R,JAMMU,Jammu
..SAMBA,INDIA_JAMMU AND KASHM?R_SAMBA,INDIA,JAMMU AND KASHM?R,SAMBA,Jammu
.JHARKHAND,INDIA_JHARKHAND,INDIA,JHARKHAND,,
..GARHWA,INDIA_JHARKHAND_GARHWA,INDIA,JHARKHAND,GARHWA,
..CHATRA,INDIA_JHARKHAND_CHATRA,INDIA,JHARKHAND,CHATRA,
..KODARMA,INDIA_JHARKHAND_KODARMA,INDIA,JHARKHAND,KODARMA,
..GIR?D?H,INDIA_JHARKHAND_GIR?D?H,INDIA,JHARKHAND,GIR?D?H,
..DEOGHAR,INDIA_JHARKHAND_DEOGHAR,INDIA,JHARKHAND,DEOGHAR,
..GODDA,INDIA_JHARKHAND_GODDA,INDIA,JHARKHAND,GODDA,
..SAHIBGANJ,INDIA_JHARKHAND_SAHIBGANJ,INDIA,JHARKHAND,SAHIBGANJ,
..PAKUR,INDIA_JHARKHAND_PAKUR,INDIA,JHARKHAND,PAKUR,
..DH?NB?D,INDIA_JHARKHAND_DH?NB?D,INDIA,JHARKHAND,DH?NB?D,Dhanbad
..BOKARO,INDIA_JHARKHAND_BOKARO,INDIA,JHARKHAND,BOKARO,
..LOHARDAGA,INDIA_JHARKHAND_LOHARDAGA,INDIA,JHARKHAND,LOHARDAGA,
..PURBI SINGHBH?M,INDIA_JHARKHAND_PURBI SINGHBH?M,INDIA,JHARKHAND,PURBI SINGHBH?M,Jamshedpur
..PAL?MU,INDIA_JHARKHAND_PAL?MU,INDIA,JHARKHAND,PAL?MU,
..LATEHAR,INDIA_JHARKHAND_LATEHAR,INDIA,JHARKHAND,LATEHAR,
..HAZ?R?B?G,INDIA_JHARKHAND_HAZ?R?B?G,INDIA,JHARKHAND,HAZ?R?B?G,
..RAMGARH,INDIA_JHARKHAND_RAMGARH,INDIA,JHARKHAND,RAMGARH,
..DUMKA,INDIA_JHARKHAND_DUMKA,INDIA,JHARKHAND,DUMKA,
..JAMTARA,INDIA_JHARKHAND_JAMTARA,INDIA,JHARKHAND,JAMTARA,
..R?NCH?,INDIA_JHARKHAND_R?NCH?,INDIA,JHARKHAND,R?NCH?,Ranchi
..KHUNTI,INDIA_JHARKHAND_KHUNTI,INDIA,JHARKHAND,KHUNTI,
..GUMLA,INDIA_JHARKHAND_GUMLA,INDIA,JHARKHAND,GUMLA,
..SIMDEGA,INDIA_JHARKHAND_SIMDEGA,INDIA,JHARKHAND,SIMDEGA,
..PASHCHIMI SINGHBH?M,INDIA_JHARKHAND_PASHCHIMI SINGHBH?M,INDIA,JHARKHAND,PASHCHIMI SINGHBH?M,
..SERAIKELLA-KHARSAWAN,INDIA_JHARKHAND_SERAIKELLA-KHARSAWAN,INDIA,JHARKHAND,SERAIKELLA-KHARSAWAN,Jamshedpur
.KARN?TAKA,INDIA_KARN?TAKA,INDIA,KARN?TAKA,,
..BELGAUM,INDIA_KARN?TAKA_BELGAUM,INDIA,KARN?TAKA,BELGAUM,
..BAGALKOT,INDIA_KARN?TAKA_BAGALKOT,INDIA,KARN?TAKA,BAGALKOT,
..BIJ?PUR,INDIA_KARN?TAKA_BIJ?PUR,INDIA,KARN?TAKA,BIJ?PUR,
..B?DAR,INDIA_KARN?TAKA_B?DAR,INDIA,KARN?TAKA,B?DAR,
..R?ICH?R,INDIA_KARN?TAKA_R?ICH?R,INDIA,KARN?TAKA,R?ICH?R,
..KOPPAL,INDIA_KARN?TAKA_KOPPAL,INDIA,KARN?TAKA,KOPPAL,
..GADAG,INDIA_KARN?TAKA_GADAG,INDIA,KARN?TAKA,GADAG,
..DH?RW?D,INDIA_KARN?TAKA_DH?RW?D,INDIA,KARN?TAKA,DH?RW?D,
..UTTAR KANNAD,INDIA_KARN?TAKA_UTTAR KANNAD,INDIA,KARN?TAKA,UTTAR KANNAD,
..HAVERI,INDIA_KARN?TAKA_HAVERI,INDIA,KARN?TAKA,HAVERI,
..BELLARY,INDIA_KARN?TAKA_BELLARY,INDIA,KARN?TAKA,BELLARY,
..CHITRADURGA,INDIA_KARN?TAKA_CHITRADURGA,INDIA,KARN?TAKA,CHITRADURGA,
..DAVANAGERE,INDIA_KARN?TAKA_DAVANAGERE,INDIA,KARN?TAKA,DAVANAGERE,
..SHIMOGA,INDIA_KARN?TAKA_SHIMOGA,INDIA,KARN?TAKA,SHIMOGA,
..UDUPI,INDIA_KARN?TAKA_UDUPI,INDIA,KARN?TAKA,UDUPI,
..CHIKMAGAL?R,INDIA_KARN?TAKA_CHIKMAGAL?R,INDIA,KARN?TAKA,CHIKMAGAL?R,
..TUMK?R,INDIA_KARN?TAKA_TUMK?R,INDIA,KARN?TAKA,TUMK?R,
..BANGALORE,INDIA_KARN?TAKA_BANGALORE,INDIA,KARN?TAKA,BANGALORE,Bengaluru
..MANDYA,INDIA_KARN?TAKA_MANDYA,INDIA,KARN?TAKA,MANDYA,
..HASSAN,INDIA_KARN?TAKA_HASSAN,INDIA,KARN?TAKA,HASSAN,
..DAKSHIN KANNAD,INDIA_KARN?TAKA_DAKSHIN KANNAD,INDIA,KARN?TAKA,DAKSHIN KANNAD,
..KODAGU,INDIA_KARN?TAKA_KODAGU,INDIA,KARN?TAKA,KODAGU,
..MYSORE,INDIA_KARN?TAKA_MYSORE,INDIA,KARN?TAKA,MYSORE,
..CHAMARAJANAGAR,INDIA_KARN?TAKA_CHAMARAJANAGAR,INDIA,KARN?TAKA,CHAMARAJANAGAR,
..GULBARGA,INDIA_KARN?TAKA_GULBARGA,INDIA,KARN?TAKA,GULBARGA,
..YADGIR,INDIA_KARN?TAKA_YADGIR,INDIA,KARN?TAKA,YADGIR,
..KOL?R,INDIA_KARN?TAKA_KOL?R,INDIA,KARN?TAKA,KOL?R,
..CHIKKABALLAPURA,INDIA_KARN?TAKA_CHIKKABALLAPURA,INDIA,KARN?TAKA,CHIKKABALLAPURA,
..BANGALORE RURAL,INDIA_KARN?TAKA_BANGALORE RURAL,INDIA,KARN?TAKA,BANGALORE RURAL,
..RAMANAGARA,INDIA_KARN?TAKA_RAMANAGARA,INDIA,KARN?TAKA,RAMANAGARA,
.KERALA,INDIA_KERALA,INDIA,KERALA,,
..KASARAGOD,INDIA_KERALA_KASARAGOD,INDIA,KERALA,KASARAGOD,
..KANNUR,INDIA_KERALA_KANNUR,INDIA,KERALA,KANNUR,Kannur
..WAYANAD,INDIA_KERALA_WAYANAD,INDIA,KERALA,WAYANAD,
..KOZHIKODE,INDIA_KERALA_KOZHIKODE,INDIA,KERALA,KOZHIKODE,Kozhikode
..MALAPPURAM,INDIA_KERALA_MALAPPURAM,INDIA,KERALA,MALAPPURAM,Malappuram
..P?LGH?T,INDIA_KERALA_P?LGH?T,INDIA,KERALA,P?LGH?T,
..TRICH?R,INDIA_KERALA_TRICH?R,INDIA,KERALA,TRICH?R,Thrissur
..ERN?KULAM,INDIA_KERALA_ERN?KULAM,INDIA,KERALA,ERN?KULAM,Kochi
..IDUKKI,INDIA_KERALA_IDUKKI,INDIA,KERALA,IDUKKI,
..KOTTAYAM,INDIA_KERALA_KOTTAYAM,INDIA,KERALA,KOTTAYAM,
..ALAPPUZHA,INDIA_KERALA_ALAPPUZHA,INDIA,KERALA,ALAPPUZHA,
..PATHANAMTHITTA,INDIA_KERALA_PATHANAMTHITTA,INDIA,KERALA,PATHANAMTHITTA,
..KOLLAM,INDIA_KERALA_KOLLAM,INDIA,KERALA,KOLLAM,Kollam
..TRIVANDRUM,INDIA_KERALA_TRIVANDRUM,INDIA,KERALA,TRIVANDRUM,Thiruvananthapuram
.LAKSHADWEEP,INDIA_LAKSHADWEEP,INDIA,LAKSHADWEEP,,
..LAKSHADWEEP,INDIA_LAKSHADWEEP_LAKSHADWEEP,INDIA,LAKSHADWEEP,LAKSHADWEEP,
.MADHYA PRADESH,INDIA_MADHYA PRADESH,INDIA,MADHYA PRADESH,,
..SHEOPUR,INDIA_MADHYA PRADESH_SHEOPUR,INDIA,MADHYA PRADESH,SHEOPUR,
..MORENA,INDIA_MADHYA PRADESH_MORENA,INDIA,MADHYA PRADESH,MORENA,
..BHIND,INDIA_MADHYA PRADESH_BHIND,INDIA,MADHYA PRADESH,BHIND,
..GWALIOR,INDIA_MADHYA PRADESH_GWALIOR,INDIA,MADHYA PRADESH,GWALIOR,Gwalior
..DATIA,INDIA_MADHYA PRADESH_DATIA,INDIA,MADHYA PRADESH,DATIA,
..SHIVPUR?,INDIA_MADHYA PRADESH_SHIVPUR?,INDIA,MADHYA PRADESH,SHIVPUR?,
..T?KAMGARH,INDIA_MADHYA PRADESH_T?KAMGARH,INDIA,MADHYA PRADESH,T?KAMGARH,
..CHHATARPUR,INDIA_MADHYA PRADESH_CHHATARPUR,INDIA,MADHYA PRADESH,CHHATARPUR,
..PANNA,INDIA_MADHYA PRADESH_PANNA,INDIA,MADHYA PRADESH,PANNA,
..SAGAR,INDIA_MADHYA PRADESH_SAGAR,INDIA,MADHYA PRADESH,SAGAR,
..DAMOH,INDIA_MADHYA PRADESH_DAMOH,INDIA,MADHYA PRADESH,DAMOH,
..SATNA,INDIA_MADHYA PRADESH_SATNA,INDIA,MADHYA PRADESH,SATNA,
..REWA,INDIA_MADHYA PRADESH_REWA,INDIA,MADHYA PRADESH,REWA,
..UMARIA,INDIA_MADHYA PRADESH_UMARIA,INDIA,MADHYA PRADESH,UMARIA,
..NEEMUCH,INDIA_MADHYA PRADESH_NEEMUCH,INDIA,MADHYA PRADESH,NEEMUCH,
..MANDSAUR,INDIA_MADHYA PRADESH_MANDSAUR,INDIA,MADHYA PRADESH,MANDSAUR,
..RATLAM,INDIA_MADHYA PRADESH_RATLAM,INDIA,MADHYA PRADESH,RATLAM,
..UJJAIN,INDIA_MADHYA PRADESH_UJJAIN,INDIA,MADHYA PRADESH,UJJAIN,
..AGAR MALWA,INDIA_MADHYA PRADESH_AGAR MALWA,INDIA,MADHYA PRADESH,AGAR MALWA,
..SH?J?PUR,INDIA_MADHYA PRADESH_SH?J?PUR,INDIA,MADHYA PRADESH,SH?J?PUR,
..DEWAS,INDIA_MADHYA PRADESH_DEWAS,INDIA,MADHYA PRADESH,DEWAS,
..DHAR,INDIA_MADHYA PRADESH_DHAR,INDIA,MADHYA PRADESH,DHAR,
..INDORE,INDIA_MADHYA PRADESH_INDORE,INDIA,MADHYA PRADESH,INDORE,Indore
..KHARGONE (WEST NIM?R),INDIA_MADHYA PRADESH_KHARGONE (WEST NIM?R),INDIA,MADHYA PRADESH,KHARGONE (WEST NIM?R),
..BARWANI,INDIA_MADHYA PRADESH_BARWANI,INDIA,MADHYA PRADESH,BARWANI,
..RAJGARH,INDIA_MADHYA PRADESH_RAJGARH,INDIA,MADHYA PRADESH,RAJGARH,
..VIDISHA,INDIA_MADHYA PRADESH_VIDISHA,INDIA,MADHYA PRADESH,VIDISHA,
..BHOPAL,INDIA_MADHYA PRADESH_BHOPAL,INDIA,MADHYA PRADESH,BHOPAL,Bhopal
..SEHORE,INDIA_MADHYA PRADESH_SEHORE,INDIA,MADHYA PRADESH,SEHORE,
..RAISEN,INDIA_MADHYA PRADESH_RAISEN,INDIA,MADHYA PRADESH,RAISEN,
..BETUL,INDIA_MADHYA PRADESH_BETUL,INDIA,MADHYA PRADESH,BETUL,
..HARDA,INDIA_MADHYA PRADESH_HARDA,INDIA,MADHYA PRADESH,HARDA,
..HOSHANGABAD,INDIA_MADHYA PRADESH_HOSHANGABAD,INDIA,MADHYA PRADESH,HOSHANGABAD,
..KATNI,INDIA_MADHYA PRADESH_KATNI,INDIA,MADHYA PRADESH,KATNI,
..JABALPUR,INDIA_MADHYA PRADESH_JABALPUR,INDIA,MADHYA PRADESH,JABALPUR,Jabalpur
..NARSIMHAPUR,INDIA_MADHYA PRADESH_NARSIMHAPUR,INDIA,MADHYA PRADESH,NARSIMHAPUR,
..DINDORI,INDIA_MADHYA PRADESH_DINDORI,INDIA,MADHYA PRADESH,DINDORI,
..MANDLA,INDIA_MADHYA PRADESH_MANDLA,INDIA,MADHYA PRADESH,MANDLA,
..CHHINDWARA,INDIA_MADHYA PRADESH_CHHINDWARA,INDIA,MADHYA PRADESH,CHHINDWARA,
..SEONI,INDIA_MADHYA PRADESH_SEONI,INDIA,MADHYA PRADESH,SEONI,
..BALAGHAT,INDIA_MADHYA PRADESH_BALAGHAT,INDIA,MADHYA PRADESH,BALAGHAT,
..GUNA,INDIA_MADHYA PRADESH_GUNA,INDIA,MADHYA PRADESH,GUNA,
..ASHOKNAGAR,INDIA_MADHYA PRADESH_ASHOKNAGAR,INDIA,MADHYA PRADESH,ASHOKNAGAR,
..SHADOL,INDIA_MADHYA PRADESH_SHADOL,INDIA,MADHYA PRADESH,SHADOL,
..ANUPPUR,INDIA_MADHYA PRADESH_ANUPPUR,INDIA,MADHYA PRADESH,ANUPPUR,
..SIDHI,INDIA_MADHYA PRADESH_SIDHI,INDIA,MADHYA PRADESH,SIDHI,
..SINGRAULI,INDIA_MADHYA PRADESH_SINGRAULI,INDIA,MADHYA PRADESH,SINGRAULI,
..JHABUA,INDIA_MADHYA PRADESH_JHABUA,INDIA,MADHYA PRADESH,JHABUA,
..ALIRAJPUR,INDIA_MADHYA PRADESH_ALIRAJPUR,INDIA,MADHYA PRADESH,ALIRAJPUR,
..KHANDWA (EAST NIM?R),INDIA_MADHYA PRADESH_KHANDWA (EAST NIM?R),INDIA,MADHYA PRADESH,KHANDWA (EAST NIM?R),
..BURHANPUR,INDIA_MADHYA PRADESH_BURHANPUR,INDIA,MADHYA PRADESH,BURHANPUR,
.MAH?R?SHTRA,INDIA_MAH?R?SHTRA,INDIA,MAH?R?SHTRA,,
..NANDURBAR,INDIA_MAH?R?SHTRA_NANDURBAR,INDIA,MAH?R?SHTRA,NANDURBAR,
..DHULE,INDIA_MAH?R?SHTRA_DHULE,INDIA,MAH?R?SHTRA,DHULE,
..J?LGAON,INDIA_MAH?R?SHTRA_J?LGAON,INDIA,MAH?R?SHTRA,J?LGAON,
..BULD?NA,INDIA_MAH?R?SHTRA_BULD?NA,INDIA,MAH?R?SHTRA,BULD?NA,
..AKOLA,INDIA_MAH?R?SHTRA_AKOLA,INDIA,MAH?R?SHTRA,AKOLA,
..WASHIM,INDIA_MAH?R?SHTRA_WASHIM,INDIA,MAH?R?SHTRA,WASHIM,
..AMR?VATI,INDIA_MAH?R?SHTRA_AMR?VATI,INDIA,MAH?R?SHTRA,AMR?VATI,
..WARDHA,INDIA_MAH?R?SHTRA_WARDHA,INDIA,MAH?R?SHTRA,WARDHA,
..N?GPUR,INDIA_MAH?R?SHTRA_N?GPUR,INDIA,MAH?R?SHTRA,N?GPUR,Nagpur
..BHAND?RA,INDIA_MAH?R?SHTRA_BHAND?RA,INDIA,MAH?R?SHTRA,BHAND?RA,
..GONDIYA,INDIA_MAH?R?SHTRA_GONDIYA,INDIA,MAH?R?SHTRA,GONDIYA,
..GAHRCHIROLI,INDIA_MAH?R?SHTRA_GAHRCHIROLI,INDIA,MAH?R?SHTRA,GAHRCHIROLI,
..CHANDRAPUR,INDIA_MAH?R?SHTRA_CHANDRAPUR,INDIA,MAH?R?SHTRA,CHANDRAPUR,
..YAVATM?L,INDIA_MAH?R?SHTRA_YAVATM?L,INDIA,MAH?R?SHTRA,YAVATM?L,
..N?NDED,INDIA_MAH?R?SHTRA_N?NDED,INDIA,MAH?R?SHTRA,N?NDED,
..HINGOLI,INDIA_MAH?R?SHTRA_HINGOLI,INDIA,MAH?R?SHTRA,HINGOLI,
..PARBHANI,INDIA_MAH?R?SHTRA_PARBHANI,INDIA,MAH?R?SHTRA,PARBHANI,
..JALNA,INDIA_MAH?R?SHTRA_JALNA,INDIA,MAH?R?SHTRA,JALNA,
..AURANG?B?D,INDIA_MAH?R?SHTRA_AURANG?B?D,INDIA,MAH?R?SHTRA,AURANG?B?D,Aurangabad
..N?SIK,INDIA_MAH?R?SHTRA_N?SIK,INDIA,MAH?R?SHTRA,N?SIK,Nashik
..PALGHAR,INDIA_MAH?R?SHTRA_PALGHAR,INDIA,MAH?R?SHTRA,PALGHAR,Vasai Virar City
..TH?NE,INDIA_MAH?R?SHTRA_TH?NE,INDIA,MAH?R?SHTRA,TH?NE,Greater Mumbai
..MUMBAI SUBURBAN,INDIA_MAH?R?SHTRA_MUMBAI SUBURBAN,INDIA,MAH?R?SHTRA,MUMBAI SUBURBAN,Greater Mumbai
..MUMBAI,INDIA_MAH?R?SHTRA_MUMBAI,INDIA,MAH?R?SHTRA,MUMBAI,Greater Mumbai
..R?IGARH,INDIA_MAH?R?SHTRA_R?IGARH,INDIA,MAH?R?SHTRA,R?IGARH,
..PUNE,INDIA_MAH?R?SHTRA_PUNE,INDIA,MAH?R?SHTRA,PUNE,Pune
..AHMADNAGAR,INDIA_MAH?R?SHTRA_AHMADNAGAR,INDIA,MAH?R?SHTRA,AHMADNAGAR,
..B?R,INDIA_MAH?R?SHTRA_B?R,INDIA,MAH?R?SHTRA,B?R,
..LATUR,INDIA_MAH?R?SHTRA_LATUR,INDIA,MAH?R?SHTRA,LATUR,
..OSM?N?B?D,INDIA_MAH?R?SHTRA_OSM?N?B?D,INDIA,MAH?R?SHTRA,OSM?N?B?D,
..SOL?PUR,INDIA_MAH?R?SHTRA_SOL?PUR,INDIA,MAH?R?SHTRA,SOL?PUR,
..S?T?RA,INDIA_MAH?R?SHTRA_S?T?RA,INDIA,MAH?R?SHTRA,S?T?RA,
..RATN?GIRI,INDIA_MAH?R?SHTRA_RATN?GIRI,INDIA,MAH?R?SHTRA,RATN?GIRI,
..SINDHUDURG,INDIA_MAH?R?SHTRA_SINDHUDURG,INDIA,MAH?R?SHTRA,SINDHUDURG,
..KOLH?PUR,INDIA_MAH?R?SHTRA_KOLH?PUR,INDIA,MAH?R?SHTRA,KOLH?PUR,
..S?NGLI,INDIA_MAH?R?SHTRA_S?NGLI,INDIA,MAH?R?SHTRA,S?NGLI,
.MANIPUR,INDIA_MANIPUR,INDIA,MANIPUR,,
..SENAPATI,INDIA_MANIPUR_SENAPATI,INDIA,MANIPUR,SENAPATI,
..TAMENGLONG,INDIA_MANIPUR_TAMENGLONG,INDIA,MANIPUR,TAMENGLONG,
..CHURACHANDPUR,INDIA_MANIPUR_CHURACHANDPUR,INDIA,MANIPUR,CHURACHANDPUR,
..BISHNUPUR,INDIA_MANIPUR_BISHNUPUR,INDIA,MANIPUR,BISHNUPUR,
..THOUBAL,INDIA_MANIPUR_THOUBAL,INDIA,MANIPUR,THOUBAL,Imphal
..IMPHAL WEST,INDIA_MANIPUR_IMPHAL WEST,INDIA,MANIPUR,IMPHAL WEST,Imphal
..IMPHAL EAST,INDIA_MANIPUR_IMPHAL EAST,INDIA,MANIPUR,IMPHAL EAST,Imphal
..UKHRUL,INDIA_MANIPUR_UKHRUL,INDIA,MANIPUR,UKHRUL,
..CHANDEL,INDIA_MANIPUR_CHANDEL,INDIA,MANIPUR,CHANDEL,
.MEGH?LAYA,INDIA_MEGH?LAYA,INDIA,MEGH?LAYA,,
..SOUTH WEST G?RO HILLS,INDIA_MEGH?LAYA_SOUTH WEST G?RO HILLS,INDIA,MEGH?LAYA,SOUTH WEST G?RO HILLS,
..WEST G?RO HILLS,INDIA_MEGH?LAYA_WEST G?RO HILLS,INDIA,MEGH?LAYA,WEST G?RO HILLS,
..EAST G?RO HILLS,INDIA_MEGH?LAYA_EAST G?RO HILLS,INDIA,MEGH?LAYA,EAST G?RO HILLS,
..NORTH G?RO HILLS,INDIA_MEGH?LAYA_NORTH G?RO HILLS,INDIA,MEGH?LAYA,NORTH G?RO HILLS,
..SOUTH G?RO HILLS,INDIA_MEGH?LAYA_SOUTH G?RO HILLS,INDIA,MEGH?LAYA,SOUTH G?RO HILLS,
..SOUTH WEST KH?SI HILLS,INDIA_MEGH?LAYA_SOUTH WEST KH?SI HILLS,INDIA,MEGH?LAYA,SOUTH WEST KH?SI HILLS,
..WEST KH?SI HILLS,INDIA_MEGH?LAYA_WEST KH?SI HILLS,INDIA,MEGH?LAYA,WEST KH?SI HILLS,
..RI BHOI,INDIA_MEGH?LAYA_RI BHOI,INDIA,MEGH?LAYA,RI BHOI,
..EAST KH?SI HILLS,INDIA_MEGH?LAYA_EAST KH?SI HILLS,INDIA,MEGH?LAYA,EAST KH?SI HILLS,
..JAINTIA HILLS,INDIA_MEGH?LAYA_JAINTIA HILLS,INDIA,MEGH?LAYA,JAINTIA HILLS,
.MIZORAM,INDIA_MIZORAM,INDIA,MIZORAM,,
..MAMIT,INDIA_MIZORAM_MAMIT,INDIA,MIZORAM,MAMIT,
..KOLASIB,INDIA_MIZORAM_KOLASIB,INDIA,MIZORAM,KOLASIB,
..AIZAWL,INDIA_MIZORAM_AIZAWL,INDIA,MIZORAM,AIZAWL,
..CHAMPHAI,INDIA_MIZORAM_CHAMPHAI,INDIA,MIZORAM,CHAMPHAI,
..SERCHHIP,INDIA_MIZORAM_SERCHHIP,INDIA,MIZORAM,SERCHHIP,
..LUNGLEI,INDIA_MIZORAM_LUNGLEI,INDIA,MIZORAM,LUNGLEI,
..LAWNGTLAI,INDIA_MIZORAM_LAWNGTLAI,INDIA,MIZORAM,LAWNGTLAI,
..SAIHA,INDIA_MIZORAM_SAIHA,INDIA,MIZORAM,SAIHA,
.N?G?LAND,INDIA_N?G?LAND,INDIA,N?G?LAND,,
..MON,INDIA_N?G?LAND_MON,INDIA,N?G?LAND,MON,
..MOKOKCH?NG,INDIA_N?G?LAND_MOKOKCH?NG,INDIA,N?G?LAND,MOKOKCH?NG,
..ZUNHEBOTO,INDIA_N?G?LAND_ZUNHEBOTO,INDIA,N?G?LAND,ZUNHEBOTO,
..WOKHA,INDIA_N?G?LAND_WOKHA,INDIA,N?G?LAND,WOKHA,
..DIMAPUR,INDIA_N?G?LAND_DIMAPUR,INDIA,N?G?LAND,DIMAPUR,
..PHEK,INDIA_N?G?LAND_PHEK,INDIA,N?G?LAND,PHEK,
..TUENSANG,INDIA_N?G?LAND_TUENSANG,INDIA,N?G?LAND,TUENSANG,
..LONGLENG,INDIA_N?G?LAND_LONGLENG,INDIA,N?G?LAND,LONGLENG,
..KIPHIRE,INDIA_N?G?LAND_KIPHIRE,INDIA,N?G?LAND,KIPHIRE,
..KOH?MA,INDIA_N?G?LAND_KOH?MA,INDIA,N?G?LAND,KOH?MA,
..PEREN,INDIA_N?G?LAND_PEREN,INDIA,N?G?LAND,PEREN,
.ODISHA,INDIA_ODISHA,INDIA,ODISHA,,
..BARGARH,INDIA_ODISHA_BARGARH,INDIA,ODISHA,BARGARH,
..JHARSUGUDA,INDIA_ODISHA_JHARSUGUDA,INDIA,ODISHA,JHARSUGUDA,
..SAMBALPUR,INDIA_ODISHA_SAMBALPUR,INDIA,ODISHA,SAMBALPUR,
..DEBAGARH,INDIA_ODISHA_DEBAGARH,INDIA,ODISHA,DEBAGARH,
..SUNDARGARH,INDIA_ODISHA_SUNDARGARH,INDIA,ODISHA,SUNDARGARH,
..KEONJHAR,INDIA_ODISHA_KEONJHAR,INDIA,ODISHA,KEONJHAR,
..MAY?RBHANJ,INDIA_ODISHA_MAY?RBHANJ,INDIA,ODISHA,MAY?RBHANJ,
..B?LESHWAR,INDIA_ODISHA_B?LESHWAR,INDIA,ODISHA,B?LESHWAR,
..BHADRAK,INDIA_ODISHA_BHADRAK,INDIA,ODISHA,BHADRAK,
..KENDRAPARA,INDIA_ODISHA_KENDRAPARA,INDIA,ODISHA,KENDRAPARA,
..JAGATSINGHAPUR,INDIA_ODISHA_JAGATSINGHAPUR,INDIA,ODISHA,JAGATSINGHAPUR,
..CUTTACK,INDIA_ODISHA_CUTTACK,INDIA,ODISHA,CUTTACK,
..J?JPUR,INDIA_ODISHA_J?JPUR,INDIA,ODISHA,J?JPUR,
..DHENK?N?L,INDIA_ODISHA_DHENK?N?L,INDIA,ODISHA,DHENK?N?L,
..ANUGUL,INDIA_ODISHA_ANUGUL,INDIA,ODISHA,ANUGUL,
..NAYAGARH,INDIA_ODISHA_NAYAGARH,INDIA,ODISHA,NAYAGARH,
..KHORDHA,INDIA_ODISHA_KHORDHA,INDIA,ODISHA,KHORDHA,
..PURI,INDIA_ODISHA_PURI,INDIA,ODISHA,PURI,
..GANJ?M,INDIA_ODISHA_GANJ?M,INDIA,ODISHA,GANJ?M,
..GAJAPATI,INDIA_ODISHA_GAJAPATI,INDIA,ODISHA,GAJAPATI,
..KANDHAMAL,INDIA_ODISHA_KANDHAMAL,INDIA,ODISHA,KANDHAMAL,
..BAUDH,INDIA_ODISHA_BAUDH,INDIA,ODISHA,BAUDH,
..SUBARNAPUR,INDIA_ODISHA_SUBARNAPUR,INDIA,ODISHA,SUBARNAPUR,
..BAL?NG?R,INDIA_ODISHA_BAL?NG?R,INDIA,ODISHA,BAL?NG?R,
..NUAPADA,INDIA_ODISHA_NUAPADA,INDIA,ODISHA,NUAPADA,
..K?L?HANDI,INDIA_ODISHA_K?L?HANDI,INDIA,ODISHA,K?L?HANDI,
..RAYAGADA,INDIA_ODISHA_RAYAGADA,INDIA,ODISHA,RAYAGADA,
..NABARANGPUR,INDIA_ODISHA_NABARANGPUR,INDIA,ODISHA,NABARANGPUR,
..KORAPUT,INDIA_ODISHA_KORAPUT,INDIA,ODISHA,KORAPUT,
..MALKANGIRI,INDIA_ODISHA_MALKANGIRI,INDIA,ODISHA,MALKANGIRI,
.PUDUCHERRY,INDIA_PUDUCHERRY,INDIA,PUDUCHERRY,,
..YANAM,INDIA_PUDUCHERRY_YANAM,INDIA,PUDUCHERRY,YANAM,
..PUDUCHERRY,INDIA_PUDUCHERRY_PUDUCHERRY,INDIA,PUDUCHERRY,PUDUCHERRY,
..MAHE,INDIA_PUDUCHERRY_MAHE,INDIA,PUDUCHERRY,MAHE,
..K?RAIK?L,INDIA_PUDUCHERRY_K?RAIK?L,INDIA,PUDUCHERRY,K?RAIK?L,
.PUNJAB,INDIA_PUNJAB,INDIA,PUNJAB,,
..GURDASPUR,INDIA_PUNJAB_GURDASPUR,INDIA,PUNJAB,GURDASPUR,
..PATHANKOT,INDIA_PUNJAB_PATHANKOT,INDIA,PUNJAB,PATHANKOT,
..KAPURTHALA,INDIA_PUNJAB_KAPURTHALA,INDIA,PUNJAB,KAPURTHALA,
..JALANDHAR,INDIA_PUNJAB_JALANDHAR,INDIA,PUNJAB,JALANDHAR,
..HOSHIARPUR,INDIA_PUNJAB_HOSHIARPUR,INDIA,PUNJAB,HOSHIARPUR,
..SHAHID BHAGAT SINGH NAGAR,INDIA_PUNJAB_SHAHID BHAGAT SINGH NAGAR,INDIA,PUNJAB,SHAHID BHAGAT SINGH NAGAR,
..FATEHGARH SAHIB,INDIA_PUNJAB_FATEHGARH SAHIB,INDIA,PUNJAB,FATEHGARH SAHIB,
..LUDHIANA,INDIA_PUNJAB_LUDHIANA,INDIA,PUNJAB,LUDHIANA,Ludhiana
..MOGA,INDIA_PUNJAB_MOGA,INDIA,PUNJAB,MOGA,
..FAZILKA,INDIA_PUNJAB_FAZILKA,INDIA,PUNJAB,FAZILKA,
..FEROZEPUR,INDIA_PUNJAB_FEROZEPUR,INDIA,PUNJAB,FEROZEPUR,
..SRI MUKTSAR SAHIB,INDIA_PUNJAB_SRI MUKTSAR SAHIB,INDIA,PUNJAB,SRI MUKTSAR SAHIB,
..FARIDKOT,INDIA_PUNJAB_FARIDKOT,INDIA,PUNJAB,FARIDKOT,
..BATHINDA,INDIA_PUNJAB_BATHINDA,INDIA,PUNJAB,BATHINDA,
..MANSA,INDIA_PUNJAB_MANSA,INDIA,PUNJAB,MANSA,
..PATIALA,INDIA_PUNJAB_PATIALA,INDIA,PUNJAB,PATIALA,
..AMRITSAR,INDIA_PUNJAB_AMRITSAR,INDIA,PUNJAB,AMRITSAR,Amritsar
..TARN TARAN,INDIA_PUNJAB_TARN TARAN,INDIA,PUNJAB,TARN TARAN,
..RUPNAGAR,INDIA_PUNJAB_RUPNAGAR,INDIA,PUNJAB,RUPNAGAR,
..AJITGARH,INDIA_PUNJAB_AJITGARH,INDIA,PUNJAB,AJITGARH,
..SANGRUR,INDIA_PUNJAB_SANGRUR,INDIA,PUNJAB,SANGRUR,
..BARNALA,INDIA_PUNJAB_BARNALA,INDIA,PUNJAB,BARNALA,
.R?JASTH?N,INDIA_R?JASTH?N,INDIA,R?JASTH?N,,
..GANG?NAGAR,INDIA_R?JASTH?N_GANG?NAGAR,INDIA,R?JASTH?N,GANG?NAGAR,
..HANUMANGARH,INDIA_R?JASTH?N_HANUMANGARH,INDIA,R?JASTH?N,HANUMANGARH,
..B?K?NER,INDIA_R?JASTH?N_B?K?NER,INDIA,R?JASTH?N,B?K?NER,
..CH?RU,INDIA_R?JASTH?N_CH?RU,INDIA,R?JASTH?N,CH?RU,
..JHUNJHUN?N,INDIA_R?JASTH?N_JHUNJHUN?N,INDIA,R?JASTH?N,JHUNJHUN?N,
..ALWAR,INDIA_R?JASTH?N_ALWAR,INDIA,R?JASTH?N,ALWAR,
..BHARATPUR,INDIA_R?JASTH?N_BHARATPUR,INDIA,R?JASTH?N,BHARATPUR,
..DHAULPUR,INDIA_R?JASTH?N_DHAULPUR,INDIA,R?JASTH?N,DHAULPUR,
..KARAULI,INDIA_R?JASTH?N_KARAULI,INDIA,R?JASTH?N,KARAULI,
..SAW?I M?DHOPUR,INDIA_R?JASTH?N_SAW?I M?DHOPUR,INDIA,R?JASTH?N,SAW?I M?DHOPUR,
..DAUSA,INDIA_R?JASTH?N_DAUSA,INDIA,R?JASTH?N,DAUSA,
..JAIPUR,INDIA_R?JASTH?N_JAIPUR,INDIA,R?JASTH?N,JAIPUR,Jaipur
..S?KAR,INDIA_R?JASTH?N_S?KAR,INDIA,R?JASTH?N,S?KAR,
..N?GAUR,INDIA_R?JASTH?N_N?GAUR,INDIA,R?JASTH?N,N?GAUR,
..JODHPUR,INDIA_R?JASTH?N_JODHPUR,INDIA,R?JASTH?N,JODHPUR,Jodhpur
..JAISALMER,INDIA_R?JASTH?N_JAISALMER,INDIA,R?JASTH?N,JAISALMER,
..B?RMER,INDIA_R?JASTH?N_B?RMER,INDIA,R?JASTH?N,B?RMER,
..J?LOR,INDIA_R?JASTH?N_J?LOR,INDIA,R?JASTH?N,J?LOR,
..SIROHI,INDIA_R?JASTH?N_SIROHI,INDIA,R?JASTH?N,SIROHI,
..P?LI,INDIA_R?JASTH?N_P?LI,INDIA,R?JASTH?N,P?LI,
..AJMER,INDIA_R?JASTH?N_AJMER,INDIA,R?JASTH?N,AJMER,
..TONK,INDIA_R?JASTH?N_TONK,INDIA,R?JASTH?N,TONK,
..B?NDI,INDIA_R?JASTH?N_B?NDI,INDIA,R?JASTH?N,B?NDI,
..BH?LW?RA,INDIA_R?JASTH?N_BH?LW?RA,INDIA,R?JASTH?N,BH?LW?RA,
..RAJSAMAND,INDIA_R?JASTH?N_RAJSAMAND,INDIA,R?JASTH?N,RAJSAMAND,
..D?NGARPUR,INDIA_R?JASTH?N_D?NGARPUR,INDIA,R?JASTH?N,D?NGARPUR,
..B?NSW?RA,INDIA_R?JASTH?N_B?NSW?RA,INDIA,R?JASTH?N,B?NSW?RA,
..CHITTAURGARH,INDIA_R?JASTH?N_CHITTAURGARH,INDIA,R?JASTH?N,CHITTAURGARH,
..KOTA,INDIA_R?JASTH?N_KOTA,INDIA,R?JASTH?N,KOTA,Kota
..BARAN,INDIA_R?JASTH?N_BARAN,INDIA,R?JASTH?N,BARAN,
..JH?L?W?R,INDIA_R?JASTH?N_JH?L?W?R,INDIA,R?JASTH?N,JH?L?W?R,
..UDAIPUR,INDIA_R?JASTH?N_UDAIPUR,INDIA,R?JASTH?N,UDAIPUR,
..PRATAPGARH,INDIA_R?JASTH?N_PRATAPGARH,INDIA,R?JASTH?N,PRATAPGARH,
.SIKKIM,INDIA_SIKKIM,INDIA,SIKKIM,,
..NORTH DISTRICT,INDIA_SIKKIM_NORTH DISTRICT,INDIA,SIKKIM,NORTH DISTRICT,
..WEST DISTRICT,INDIA_SIKKIM_WEST DISTRICT,INDIA,SIKKIM,WEST DISTRICT,
..SOUTH DISTRICT,INDIA_SIKKIM_SOUTH DISTRICT,INDIA,SIKKIM,SOUTH DISTRICT,
..EAST DISTRICT,INDIA_SIKKIM_EAST DISTRICT,INDIA,SIKKIM,EAST DISTRICT,
.TAMIL N?DU,INDIA_TAMIL N?DU,INDIA,TAMIL N?DU,,
..TIRUVALL?R,INDIA_TAMIL N?DU_TIRUVALL?R,INDIA,TAMIL N?DU,TIRUVALL?R,Chennai
..CHENNAI,INDIA_TAMIL N?DU_CHENNAI,INDIA,TAMIL N?DU,CHENNAI,Chennai
..KANCHEEPURAM,INDIA_TAMIL N?DU_KANCHEEPURAM,INDIA,TAMIL N?DU,KANCHEEPURAM,Chennai
..VELLORE,INDIA_TAMIL N?DU_VELLORE,INDIA,TAMIL N?DU,VELLORE,
..TIRUVANNAMALAI,INDIA_TAMIL N?DU_TIRUVANNAMALAI,INDIA,TAMIL N?DU,TIRUVANNAMALAI,
..VILUPPURAM,INDIA_TAMIL N?DU_VILUPPURAM,INDIA,TAMIL N?DU,VILUPPURAM,
..SALEM,INDIA_TAMIL N?DU_SALEM,INDIA,TAMIL N?DU,SALEM,
..NAMAKKAL,INDIA_TAMIL N?DU_NAMAKKAL,INDIA,TAMIL N?DU,NAMAKKAL,
..ERODE,INDIA_TAMIL N?DU_ERODE,INDIA,TAMIL N?DU,ERODE,
..N?LGIRI,INDIA_TAMIL N?DU_N?LGIRI,INDIA,TAMIL N?DU,N?LGIRI,
..DINDIGUL,INDIA_TAMIL N?DU_DINDIGUL,INDIA,TAMIL N?DU,DINDIGUL,
..KARUR,INDIA_TAMIL N?DU_KARUR,INDIA,TAMIL N?DU,KARUR,
..TIRUCHCHIR?PPALLI,INDIA_TAMIL N?DU_TIRUCHCHIR?PPALLI,INDIA,TAMIL N?DU,TIRUCHCHIR?PPALLI,Tiruchchirappalli
..PERAMBALUR,INDIA_TAMIL N?DU_PERAMBALUR,INDIA,TAMIL N?DU,PERAMBALUR,
..ARIYALUR,INDIA_TAMIL N?DU_ARIYALUR,INDIA,TAMIL N?DU,ARIYALUR,
..CUDDALORE,INDIA_TAMIL N?DU_CUDDALORE,INDIA,TAMIL N?DU,CUDDALORE,
..NAGAPATTINAM,INDIA_TAMIL N?DU_NAGAPATTINAM,INDIA,TAMIL N?DU,NAGAPATTINAM,
..THIRUVARUR,INDIA_TAMIL N?DU_THIRUVARUR,INDIA,TAMIL N?DU,THIRUVARUR,
..THANJ?V?R,INDIA_TAMIL N?DU_THANJ?V?R,INDIA,TAMIL N?DU,THANJ?V?R,
..PUDUKKOTTAI,INDIA_TAMIL N?DU_PUDUKKOTTAI,INDIA,TAMIL N?DU,PUDUKKOTTAI,
..SIVAGANGA,INDIA_TAMIL N?DU_SIVAGANGA,INDIA,TAMIL N?DU,SIVAGANGA,
..MADURAI,INDIA_TAMIL N?DU_MADURAI,INDIA,TAMIL N?DU,MADURAI,Madurai
..THENI,INDIA_TAMIL N?DU_THENI,INDIA,TAMIL N?DU,THENI,
..VIRUDHUNAGAR,INDIA_TAMIL N?DU_VIRUDHUNAGAR,INDIA,TAMIL N?DU,VIRUDHUNAGAR,
..R?MAN?THAPURAM,INDIA_TAMIL N?DU_R?MAN?THAPURAM,INDIA,TAMIL N?DU,R?MAN?THAPURAM,
..THOOTHUKUDI,INDIA_TAMIL N?DU_THOOTHUKUDI,INDIA,TAMIL N?DU,THOOTHUKUDI,
..TIRUNELVELI,INDIA_TAMIL N?DU_TIRUNELVELI,INDIA,TAMIL N?DU,TIRUNELVELI,
..KANNIY?KUM?RI,INDIA_TAMIL N?DU_KANNIY?KUM?RI,INDIA,TAMIL N?DU,KANNIY?KUM?RI,
..DHARMAPURI,INDIA_TAMIL N?DU_DHARMAPURI,INDIA,TAMIL N?DU,DHARMAPURI,
..KRISHNAGIRI,INDIA_TAMIL N?DU_KRISHNAGIRI,INDIA,TAMIL N?DU,KRISHNAGIRI,
..COIMBATORE,INDIA_TAMIL N?DU_COIMBATORE,INDIA,TAMIL N?DU,COIMBATORE,Coimbatore
..TIRUPPUR,INDIA_TAMIL N?DU_TIRUPPUR,INDIA,TAMIL N?DU,TIRUPPUR,
.TELANGANA,INDIA_TELANGANA,INDIA,TELANGANA,,
..?DIL?B?D,INDIA_TELANGANA_?DIL?B?D,INDIA,TELANGANA,?DIL?B?D,
..NIZ?M?B?D,INDIA_TELANGANA_NIZ?M?B?D,INDIA,TELANGANA,NIZ?M?B?D,
..KAR?MNAGAR,INDIA_TELANGANA_KAR?MNAGAR,INDIA,TELANGANA,KAR?MNAGAR,
..MEDAK,INDIA_TELANGANA_MEDAK,INDIA,TELANGANA,MEDAK,Hyderabad
..HYDER?B?D,INDIA_TELANGANA_HYDER?B?D,INDIA,TELANGANA,HYDER?B?D,Hyderabad
..RANGAREDDY,INDIA_TELANGANA_RANGAREDDY,INDIA,TELANGANA,RANGAREDDY,Hyderabad
..MAHB?BNAGAR,INDIA_TELANGANA_MAHB?BNAGAR,INDIA,TELANGANA,MAHB?BNAGAR,
..NALGONDA,INDIA_TELANGANA_NALGONDA,INDIA,TELANGANA,NALGONDA,
..WARANGAL,INDIA_TELANGANA_WARANGAL,INDIA,TELANGANA,WARANGAL,
..KHAMMAM,INDIA_TELANGANA_KHAMMAM,INDIA,TELANGANA,KHAMMAM,
.TRIPURA,INDIA_TRIPURA,INDIA,TRIPURA,,
..KHOWAI,INDIA_TRIPURA_KHOWAI,INDIA,TRIPURA,KHOWAI,
..SIPAHIJALA,INDIA_TRIPURA_SIPAHIJALA,INDIA,TRIPURA,SIPAHIJALA,
..WEST TRIPURA,INDIA_TRIPURA_WEST TRIPURA,INDIA,TRIPURA,WEST TRIPURA,
..GOMATI,INDIA_TRIPURA_GOMATI,INDIA,TRIPURA,GOMATI,
..SOUTH TRIPURA,INDIA_TRIPURA_SOUTH TRIPURA,INDIA,TRIPURA,SOUTH TRIPURA,
..DHALAI,INDIA_TRIPURA_DHALAI,INDIA,TRIPURA,DHALAI,
..NORTH TRIPURA,INDIA_TRIPURA_NORTH TRIPURA,INDIA,TRIPURA,NORTH TRIPURA,
..UNAKOTI,INDIA_TRIPURA_UNAKOTI,INDIA,TRIPURA,UNAKOTI,
.UTTAR PRADESH,INDIA_UTTAR PRADESH,INDIA,UTTAR PRADESH,,
..SAH?RANPUR,INDIA_UTTAR PRADESH_SAH?RANPUR,INDIA,UTTAR PRADESH,SAH?RANPUR,
..MUZAFFARNAGAR,INDIA_UTTAR PRADESH_MUZAFFARNAGAR,INDIA,UTTAR PRADESH,MUZAFFARNAGAR,
..SHAMLI,INDIA_UTTAR PRADESH_SHAMLI,INDIA,UTTAR PRADESH,SHAMLI,
..BIJNOR,INDIA_UTTAR PRADESH_BIJNOR,INDIA,UTTAR PRADESH,BIJNOR,
..MOR?D?B?D,INDIA_UTTAR PRADESH_MOR?D?B?D,INDIA,UTTAR PRADESH,MOR?D?B?D,
..R?MPUR,INDIA_UTTAR PRADESH_R?MPUR,INDIA,UTTAR PRADESH,R?MPUR,
..AMROHA,INDIA_UTTAR PRADESH_AMROHA,INDIA,UTTAR PRADESH,AMROHA,
..MEERUT,INDIA_UTTAR PRADESH_MEERUT,INDIA,UTTAR PRADESH,MEERUT,Meerut
..BAGHPAT,INDIA_UTTAR PRADESH_BAGHPAT,INDIA,UTTAR PRADESH,BAGHPAT,
..GH?ZI?B?D,INDIA_UTTAR PRADESH_GH?ZI?B?D,INDIA,UTTAR PRADESH,GH?ZI?B?D,Ghaziabad
..HAPUR,INDIA_UTTAR PRADESH_HAPUR,INDIA,UTTAR PRADESH,HAPUR,
..GAUTAM BUDDHA NAGAR,INDIA_UTTAR PRADESH_GAUTAM BUDDHA NAGAR,INDIA,UTTAR PRADESH,GAUTAM BUDDHA NAGAR,
..BULANDSHAHR,INDIA_UTTAR PRADESH_BULANDSHAHR,INDIA,UTTAR PRADESH,BULANDSHAHR,
..AL?GARH,INDIA_UTTAR PRADESH_AL?GARH,INDIA,UTTAR PRADESH,AL?GARH,
..MAHAMAYA NAGAR (HATHRAS),INDIA_UTTAR PRADESH_MAHAMAYA NAGAR (HATHRAS),INDIA,UTTAR PRADESH,MAHAMAYA NAGAR (HATHRAS),
..MATHURA,INDIA_UTTAR PRADESH_MATHURA,INDIA,UTTAR PRADESH,MATHURA,
..?GRA,INDIA_UTTAR PRADESH_?GRA,INDIA,UTTAR PRADESH,?GRA,Agra
..FIROZABAD,INDIA_UTTAR PRADESH_FIROZABAD,INDIA,UTTAR PRADESH,FIROZABAD,
..MAINPURI,INDIA_UTTAR PRADESH_MAINPURI,INDIA,UTTAR PRADESH,MAINPURI,
..BUDAUN,INDIA_UTTAR PRADESH_BUDAUN,INDIA,UTTAR PRADESH,BUDAUN,
..SAMBHAL,INDIA_UTTAR PRADESH_SAMBHAL,INDIA,UTTAR PRADESH,SAMBHAL,
..BAREILLY,INDIA_UTTAR PRADESH_BAREILLY,INDIA,UTTAR PRADESH,BAREILLY,
..P?L?BH?T,INDIA_UTTAR PRADESH_P?L?BH?T,INDIA,UTTAR PRADESH,P?L?BH?T,
..SH?HJAH?NPUR,INDIA_UTTAR PRADESH_SH?HJAH?NPUR,INDIA,UTTAR PRADESH,SH?HJAH?NPUR,
..KHERI,INDIA_UTTAR PRADESH_KHERI,INDIA,UTTAR PRADESH,KHERI,
..S?T?PUR,INDIA_UTTAR PRADESH_S?T?PUR,INDIA,UTTAR PRADESH,S?T?PUR,
..HARDOI,INDIA_UTTAR PRADESH_HARDOI,INDIA,UTTAR PRADESH,HARDOI,
..UNN?O,INDIA_UTTAR PRADESH_UNN?O,INDIA,UTTAR PRADESH,UNN?O,
..LUCKNOW,INDIA_UTTAR PRADESH_LUCKNOW,INDIA,UTTAR PRADESH,LUCKNOW,Lucknow
..R?E BARELI,INDIA_UTTAR PRADESH_R?E BARELI,INDIA,UTTAR PRADESH,R?E BARELI,
..AMETHI,INDIA_UTTAR PRADESH_AMETHI,INDIA,UTTAR PRADESH,AMETHI,
..FARRUKH?B?D,INDIA_UTTAR PRADESH_FARRUKH?B?D,INDIA,UTTAR PRADESH,FARRUKH?B?D,
..KANNAUJ,INDIA_UTTAR PRADESH_KANNAUJ,INDIA,UTTAR PRADESH,KANNAUJ,
..ET?WAH,INDIA_UTTAR PRADESH_ET?WAH,INDIA,UTTAR PRADESH,ET?WAH,
..AURAIYA,INDIA_UTTAR PRADESH_AURAIYA,INDIA,UTTAR PRADESH,AURAIYA,
..K?NPUR DEHAT,INDIA_UTTAR PRADESH_K?NPUR DEHAT,INDIA,UTTAR PRADESH,K?NPUR DEHAT,
..K?NPUR NAGAR,INDIA_UTTAR PRADESH_K?NPUR NAGAR,INDIA,UTTAR PRADESH,K?NPUR NAGAR,Kanpur
..J?LAUN,INDIA_UTTAR PRADESH_J?LAUN,INDIA,UTTAR PRADESH,J?LAUN,
..JH?NSI,INDIA_UTTAR PRADESH_JH?NSI,INDIA,UTTAR PRADESH,JH?NSI,
..LALITPUR,INDIA_UTTAR PRADESH_LALITPUR,INDIA,UTTAR PRADESH,LALITPUR,
..HAM?RPUR,INDIA_UTTAR PRADESH_HAM?RPUR,INDIA,UTTAR PRADESH,HAM?RPUR,
..MAHOBA,INDIA_UTTAR PRADESH_MAHOBA,INDIA,UTTAR PRADESH,MAHOBA,
..B?NDA,INDIA_UTTAR PRADESH_B?NDA,INDIA,UTTAR PRADESH,B?NDA,
..CHITRAKOOT,INDIA_UTTAR PRADESH_CHITRAKOOT,INDIA,UTTAR PRADESH,CHITRAKOOT,
..FATEHPUR,INDIA_UTTAR PRADESH_FATEHPUR,INDIA,UTTAR PRADESH,FATEHPUR,
..PRAT?PGARH,INDIA_UTTAR PRADESH_PRAT?PGARH,INDIA,UTTAR PRADESH,PRAT?PGARH,
..KAUSHAMBI,INDIA_UTTAR PRADESH_KAUSHAMBI,INDIA,UTTAR PRADESH,KAUSHAMBI,
..ALLAH?B?D,INDIA_UTTAR PRADESH_ALLAH?B?D,INDIA,UTTAR PRADESH,ALLAH?B?D,Allahabad
..B?RA BANKI,INDIA_UTTAR PRADESH_B?RA BANKI,INDIA,UTTAR PRADESH,B?RA BANKI,
..FAIZ?B?D,INDIA_UTTAR PRADESH_FAIZ?B?D,INDIA,UTTAR PRADESH,FAIZ?B?D,
..AMBEDKAR NAGAR,INDIA_UTTAR PRADESH_AMBEDKAR NAGAR,INDIA,UTTAR PRADESH,AMBEDKAR NAGAR,
..SULT?NPUR,INDIA_UTTAR PRADESH_SULT?NPUR,INDIA,UTTAR PRADESH,SULT?NPUR,
..BAHRAICH,INDIA_UTTAR PRADESH_BAHRAICH,INDIA,UTTAR PRADESH,BAHRAICH,
..SHRAWASTI,INDIA_UTTAR PRADESH_SHRAWASTI,INDIA,UTTAR PRADESH,SHRAWASTI,
..BALRAMPUR,INDIA_UTTAR PRADESH_BALRAMPUR,INDIA,UTTAR PRADESH,BALRAMPUR,
..GONDA,INDIA_UTTAR PRADESH_GONDA,INDIA,UTTAR PRADESH,GONDA,
..SIDDHARTHNAGAR,INDIA_UTTAR PRADESH_SIDDHARTHNAGAR,INDIA,UTTAR PRADESH,SIDDHARTHNAGAR,
..BASTI,INDIA_UTTAR PRADESH_BASTI,INDIA,UTTAR PRADESH,BASTI,
..SANT KABIR NAGAR,INDIA_UTTAR PRADESH_SANT KABIR NAGAR,INDIA,UTTAR PRADESH,SANT KABIR NAGAR,
..MAHARAJGANJ,INDIA_UTTAR PRADESH_MAHARAJGANJ,INDIA,UTTAR PRADESH,MAHARAJGANJ,
..GORAKHPUR,INDIA_UTTAR PRADESH_GORAKHPUR,INDIA,UTTAR PRADESH,GORAKHPUR,
..KUSHINAGAR,INDIA_UTTAR PRADESH_KUSHINAGAR,INDIA,UTTAR PRADESH,KUSHINAGAR,
..DEORIA,INDIA_UTTAR PRADESH_DEORIA,INDIA,UTTAR PRADESH,DEORIA,
..?ZAMGARH,INDIA_UTTAR PRADESH_?ZAMGARH,INDIA,UTTAR PRADESH,?ZAMGARH,
..MAU,INDIA_UTTAR PRADESH_MAU,INDIA,UTTAR PRADESH,MAU,
..BALLIA,INDIA_UTTAR PRADESH_BALLIA,INDIA,UTTAR PRADESH,BALLIA,
..JAUNPUR,INDIA_UTTAR PRADESH_JAUNPUR,INDIA,UTTAR PRADESH,JAUNPUR,
..GH?Z?PUR,INDIA_UTTAR PRADESH_GH?Z?PUR,INDIA,UTTAR PRADESH,GH?Z?PUR,
..CHANDAULI,INDIA_UTTAR PRADESH_CHANDAULI,INDIA,UTTAR PRADESH,CHANDAULI,
..V?R?NASI,INDIA_UTTAR PRADESH_V?R?NASI,INDIA,UTTAR PRADESH,V?R?NASI,Varanasi
..SANT RAVIDAS NAGAR (BHADOHI),INDIA_UTTAR PRADESH_SANT RAVIDAS NAGAR (BHADOHI),INDIA,UTTAR PRADESH,SANT RAVIDAS NAGAR (BHADOHI),
..MIRZ?PUR,INDIA_UTTAR PRADESH_MIRZ?PUR,INDIA,UTTAR PRADESH,MIRZ?PUR,
..SONBHADRA,INDIA_UTTAR PRADESH_SONBHADRA,INDIA,UTTAR PRADESH,SONBHADRA,
..ETAH,INDIA_UTTAR PRADESH_ETAH,INDIA,UTTAR PRADESH,ETAH,
..KANSHIRAM NAGAR (KASGANJ),INDIA_UTTAR PRADESH_KANSHIRAM NAGAR (KASGANJ),INDIA,UTTAR PRADESH,KANSHIRAM NAGAR (KASGANJ),
.UTTARAKHAND,INDIA_UTTARAKHAND,INDIA,UTTARAKHAND,,
..UTTARK?SHI,INDIA_UTTARAKHAND_UTTARK?SHI,INDIA,UTTARAKHAND,UTTARK?SHI,
..CHAMOLI,INDIA_UTTARAKHAND_CHAMOLI,INDIA,UTTARAKHAND,CHAMOLI,
..RUDRAPRAYAG,INDIA_UTTARAKHAND_RUDRAPRAYAG,INDIA,UTTARAKHAND,RUDRAPRAYAG,
..TEHRI-GARHW?L,INDIA_UTTARAKHAND_TEHRI-GARHW?L,INDIA,UTTARAKHAND,TEHRI-GARHW?L,
..DEHRA D?N,INDIA_UTTARAKHAND_DEHRA D?N,INDIA,UTTARAKHAND,DEHRA D?N,
..GARHW?L,INDIA_UTTARAKHAND_GARHW?L,INDIA,UTTARAKHAND,GARHW?L,
..PITHOR?GARH,INDIA_UTTARAKHAND_PITHOR?GARH,INDIA,UTTARAKHAND,PITHOR?GARH,
..BAGESHWAR,INDIA_UTTARAKHAND_BAGESHWAR,INDIA,UTTARAKHAND,BAGESHWAR,
..ALMORA,INDIA_UTTARAKHAND_ALMORA,INDIA,UTTARAKHAND,ALMORA,
..CHAMPAWAT,INDIA_UTTARAKHAND_CHAMPAWAT,INDIA,UTTARAKHAND,CHAMPAWAT,
..NAINI T?L,INDIA_UTTARAKHAND_NAINI T?L,INDIA,UTTARAKHAND,NAINI T?L,
..UDHAM SINGH NAGAR,INDIA_UTTARAKHAND_UDHAM SINGH NAGAR,INDIA,UTTARAKHAND,UDHAM SINGH NAGAR,
..HARIDWAR,INDIA_UTTARAKHAND_HARIDWAR,INDIA,UTTARAKHAND,HARIDWAR,
.WEST BENGAL,INDIA_WEST BENGAL,INDIA,WEST BENGAL,,
..DARJILING,INDIA_WEST BENGAL_DARJILING,INDIA,WEST BENGAL,DARJILING,Siliguri
..AL?PUR DU?R,INDIA_WEST BENGAL_AL?PUR DU?R,INDIA,WEST BENGAL,AL?PUR DU?R,
..JALP?IGURI,INDIA_WEST BENGAL_JALP?IGURI,INDIA,WEST BENGAL,JALP?IGURI,Siliguri
..KOCH BIH?R,INDIA_WEST BENGAL_KOCH BIH?R,INDIA,WEST BENGAL,KOCH BIH?R,
..UTTAR DINAJPUR,INDIA_WEST BENGAL_UTTAR DINAJPUR,INDIA,WEST BENGAL,UTTAR DINAJPUR,
..DAKSHIN DINAJPUR,INDIA_WEST BENGAL_DAKSHIN DINAJPUR,INDIA,WEST BENGAL,DAKSHIN DINAJPUR,
..M?LDAH,INDIA_WEST BENGAL_M?LDAH,INDIA,WEST BENGAL,M?LDAH,
..MURSHID?B?D,INDIA_WEST BENGAL_MURSHID?B?D,INDIA,WEST BENGAL,MURSHID?B?D,
..B?RBH?M,INDIA_WEST BENGAL_B?RBH?M,INDIA,WEST BENGAL,B?RBH?M,
..BARDDHAM?N,INDIA_WEST BENGAL_BARDDHAM?N,INDIA,WEST BENGAL,BARDDHAM?N,Asansol
..NADIA,INDIA_WEST BENGAL_NADIA,INDIA,WEST BENGAL,NADIA,Kolkata
..NORTH TWENTY-FOUR PARGANAS,INDIA_WEST BENGAL_NORTH TWENTY-FOUR PARGANAS,INDIA,WEST BENGAL,NORTH TWENTY-FOUR PARGANAS,Kolkata
..HUGLI,INDIA_WEST BENGAL_HUGLI,INDIA,WEST BENGAL,HUGLI,Kolkata
..B?NKUR?,INDIA_WEST BENGAL_B?NKUR?,INDIA,WEST BENGAL,B?NKUR?,
..PURULIYA,INDIA_WEST BENGAL_PURULIYA,INDIA,WEST BENGAL,PURULIYA,
..H?ORA,INDIA_WEST BENGAL_H?ORA,INDIA,WEST BENGAL,H?ORA,Kolkata
..KOLKATA,INDIA_WEST BENGAL_KOLKATA,INDIA,WEST BENGAL,KOLKATA,Kolkata
..SOUTH TWENTY-FOUR PARGANAS,INDIA_WEST BENGAL_SOUTH TWENTY-FOUR PARGANAS,INDIA,WEST BENGAL,SOUTH TWENTY-FOUR PARGANAS,Kolkata
..PASCHIM MEDINIPUR,INDIA_WEST BENGAL_PASCHIM MEDINIPUR,INDIA,WEST BENGAL,PASCHIM MEDINIPUR,
..PURBA MEDINIPUR,INDIA_WEST BENGAL_PURBA MEDINIPUR,INDIA,WEST BENGAL,PURBA MEDINIPUR,
