Auto_Date,Auto_Time,Vehicle_ID,Crash_ID,Vehicle_Type,Impacting_VehOrObject,Veh_Reg_Number,Veh_Make,Veh_Model,Veh_Model_Year,Veh_TrafficViolation,Veh_Manoeuvre_at_Crash,Veh_Loading_Condition,Veh_Mechanical_Failure,Veh_Hazardous_Cargo,Vehicle_Fire,Veh_Disposition,Combo48
25-Aug-22,12:33 PM,2292,1461,Truck (Generic),Electric Cycle Rickshaw,HR 74A 6443,,,,,,,,,,,
25-Aug-22,12:33 PM,2293,1462,Bus (DTC Delhi),Pedestrian,DL 1PC 1531,,,,,,,,,,,
25-Aug-22,12:33 PM,2294,1463,Unknown,Pedestrian,,,,,,,,,,,,
25-Aug-22,12:33 PM,2295,1464,MTW - Scooter/Moped,Unknown,,,,,,,,,,,,
25-Aug-22,12:33 PM,2296,1465,Truck (Generic),Pedestrian,HR 55X 1232,,,,,,,,,,,
25-Aug-22,12:33 PM,2297,1466,MTW - Motorcycle Light,Pedestrian,DL 9TC 1831,,,,,,,,,,,
25-Aug-22,12:33 PM,2298,1467,Mini Bus,MTW - Motorcycle Light,DL 1PC 1477,,,,,,,,,,,
25-Aug-22,12:33 PM,2299,1467,MTW - Motorcycle Light,Mini Bus,DL 7SAU 3908,,,,,,,,,,,
25-Aug-22,12:33 PM,2300,1468,MTW - Scooter/Moped,Truck (Generic),DL 8SCM 1053,,,,,,,,,,,
25-Aug-22,12:33 PM,2301,1469,Unknown,Pedestrian,,,,,,,,,,,,
25-Aug-22,12:33 PM,2302,1470,MTW - Scooter/Moped,Unknown,DL 6SAR 1856,,,,,,,,,,,
25-Aug-22,12:33 PM,2303,1471,Bus (DTC Delhi),Pedestrian,DL 1PC 8784,,,,,,,,,,,
25-Aug-22,12:33 PM,2304,1472,Unknown,Pedestrian,,,,,,,,,,,,
25-Aug-22,12:33 PM,2305,1473,Truck (Generic),Others,HR 38AA 1959,,,,,,,,,,,
25-Aug-22,12:33 PM,2306,1474,Three Wheeler - Passenger,Unknown,DL 1RM 8358,,,,,,,,,,,
25-Aug-22,12:33 PM,2308,1475,Truck (Generic),Pedestrian,RJ 11GA 9180,,,,,,,,,,,
25-Aug-22,12:33 PM,2309,1476,MTW - Scooter/Moped,Unknown,DL 8SBC 3936,,,,,,,,,,,
25-Aug-22,12:33 PM,2310,1477,Car - Commercial,Pedestrian,DL 12CL 0227,,,,,,,,,,,
25-Aug-22,12:33 PM,2311,1478,Truck (Generic),Light Commercial Vehicle,HR 55H 1288,,,,,,,,,,,
25-Aug-22,12:33 PM,2312,1478,Light Commercial Vehicle,Truck (Generic),DL 1LV 9287,,,,,,,,,,,
25-Aug-22,12:33 PM,2313,1479,Unknown,Pedestrian,,,,,,,,,,,,
25-Aug-22,12:33 PM,2314,1480,Unknown,Pedestrian,,,,,,,,,,,,
25-Aug-22,12:33 PM,2315,1481,Car - Commercial,Pedestrian,DL 8CAN 6110,,,,,,,,,,,
25-Aug-22,12:33 PM,2316,1482,Truck (Generic),MTW - Motorcycle Light,HR 55S 3374,,,,,,,,,,,
25-Aug-22,12:33 PM,2317,1482,MTW - Motorcycle Light,Truck (Generic),HR 10E 5032,,,,,,,,,,,
25-Aug-22,12:33 PM,2318,1482,MTW - Motorcycle Heavy,Unknown,DL 11S 6664,,,,,,,,,,,
25-Aug-22,12:33 PM,2319,1483,Truck (Generic),Pedestrian,,,,,,,,,,,,
25-Aug-22,12:33 PM,2320,1484,MTW - Motorcycle Light,Pedestrian,DL SSAJ 3196,,,,,,,,,,,
25-Aug-22,12:33 PM,2321,1485,Car - Commercial,Three Wheeler - Passenger,DL 7CQ 8340,,,,,,,,,,,
25-Aug-22,12:33 PM,2322,1485,Three Wheeler - Passenger,Car - Commercial,DL 1LJ 3307,,,,,,,,,,,
25-Aug-22,12:33 PM,2323,1486,MTW - Motorcycle Light,Unknown,DL 8SNC 5869,,,,,,,,,,,
25-Aug-22,12:33 PM,2324,1487,Car - Commercial,Tree,DL 3CAQ 0212,,,,,,,,,,,
25-Aug-22,12:33 PM,2325,1488,Truck (Generic),Pedestrian,DL 1LT 5428,,,,,,,,,,,
25-Aug-22,12:33 PM,2326,1488,Truck (Generic),Truck (Generic),PB 11AX 8791,,,,,,,,,,,
25-Aug-22,12:33 PM,2327,1489,MTW - Scooter/Moped,Not Applicable,DL 65AH 6886,,,,,,,,,,,
25-Aug-22,12:33 PM,2328,1490,Unknown,Pedestrian,,,,,,,,,,,,
25-Aug-22,12:33 PM,2329,1491,MTW - Motorcycle Light,Cycle Rickshaw,HR 10M 2845,,,,,,,,,,,
25-Aug-22,12:33 PM,2330,1492,Unknown,Pedestrian,,,,,,,,,,,,
25-Aug-22,12:33 PM,2331,1493,Truck (Generic),Pedestrian,UP 83BT 3753,,,,,,,,,,,
25-Aug-22,12:33 PM,2332,1494,MTW - Motorcycle Light,Unknown,DL 11SM 4695,,,,,,,,,,,
25-Aug-22,12:33 PM,2333,1495,Light Commercial Vehicle,Pedestrian,DL 1LP 5545,,,,,,,,,,,
25-Aug-22,12:33 PM,2334,1496,Unknown,Pedestrian,,,,,,,,,,,,
25-Aug-22,12:33 PM,2335,1497,Unknown,Pedestrian,,,,,,,,,,,,
25-Aug-22,12:33 PM,2336,1498,Three Wheeler - Passenger,Unknown,DL 1RS 4896,,,,,,,,,,,
25-Aug-22,12:33 PM,2337,1499,Truck (Generic),Truck (Generic),UP 22AT 2542,,,,,,,,,,,
25-Aug-22,12:33 PM,2338,,Truck (Generic),Truck (Generic),HR 38W 4001,,,,,,,,,,,
25-Aug-22,12:33 PM,2339,1499,Truck (Generic),Pedestrian,HR 55M 7013,,,,,,,,,,,
25-Aug-22,12:33 PM,2340,1500,"Car - Van, Commercial",Car - Commercial,DL 1RT 3230,,,,,,,,,,,
25-Aug-22,12:33 PM,2341,1501,Car - Commercial,Pedestrian,DL 2CAC 6218,,,,,,,,,,,
25-Aug-22,12:33 PM,2342,1502,Construction Vehicle,Car - Commercial,HR 72D 5398,,,,,,,,,,,
25-Aug-22,12:33 PM,2343,1502,Construction Vehicle,Car - Commercial,DL 2CAG 9318,,,,,,,,,,,
25-Aug-22,12:33 PM,2344,1503,Unknown,Pedestrian,,,,,,,,,,,,
25-Aug-22,12:33 PM,2345,1504,Unknown,Pedestrian,,,,,,,,,,,,
25-Aug-22,12:33 PM,2346,1505,E-rickshaw,Unknown,,,,,,,,,,,,
25-Aug-22,12:33 PM,2347,1506,Unknown,Pedestrian,,,,,,,,,,,,
25-Aug-22,12:33 PM,2348,1507,Truck (Generic),Car - Commercial,RJ 14GJ 2890,,,,,,,,,,,
25-Aug-22,12:33 PM,2349,1507,Car - Commercial,Truck (Generic),DL 4CAW 2210,,,,,,,,,,,
25-Aug-22,12:33 PM,2350,1508,MTW - Motorcycle Light,Pedestrian,DL 8SCJ 8329,,,,,,,,,,,
25-Aug-22,12:33 PM,2351,1509,MTW - Scooter/Moped,Unknown,DL 11SU 0578,,,,,,,,,,,
25-Aug-22,12:33 PM,2352,1510,MTW - Motorcycle Light,Pedestrian,DL 13SR 6782,,,,,,,,,,,
25-Aug-22,12:33 PM,2353,1511,Unknown,Pedestrian,,,,,,,,,,,,
25-Aug-22,12:33 PM,2354,1512,Unknown,Pedestrian,,,,,,,,,,,,
25-Aug-22,12:33 PM,2355,1513,MTW - Motorcycle Light,Pedestrian,UP 13BC 6535,,,,,,,,,,,
25-Aug-22,12:33 PM,2356,1514,Truck (Generic),Pedestrian,UP 14DS 0318,,,,,,,,,,,
25-Aug-22,12:33 PM,2357,1515,Truck (Generic),MTW - Scooter/Moped,HR 55A 2633,,,,,,,,,,,
25-Aug-22,12:33 PM,2358,1515,MTW - Scooter/Moped,Truck (Generic),DL 6SAY 6187,,,,,,,,,,,
25-Aug-22,12:33 PM,2359,1516,E-rickshaw,Not Applicable,,,,,,,,,,,,
25-Aug-22,12:33 PM,2360,1517,Light Commercial Vehicle,Pedestrian,DL 1LN 9528,,,,,,,,,,,
25-Aug-22,12:33 PM,2361,1518,MTW - Scooter/Moped,Unknown,DL 3SDA 9919,,,,,,,,,,,
25-Aug-22,12:33 PM,2362,1519,Unknown,Pedestrian,,,,,,,,,,,,
25-Aug-22,12:33 PM,2363,1520,MTW - Scooter/Moped,Unknown,DL 11SM 4017,,,,,,,,,,,
25-Aug-22,12:33 PM,2364,1521,Unknown,Pedestrian,,,,,,,,,,,,
25-Aug-22,12:33 PM,2365,1522,Light Commercial Vehicle,MTW - Motorcycle Light,DL 1LAC 4886,,,,,,,,,,,
25-Aug-22,12:33 PM,2366,1522,MTW - Motorcycle Light,Light Commercial Vehicle,DL 6SBB 7304,,,,,,,,,,,
25-Aug-22,12:33 PM,2367,1523,MTW - Motorcycle Light,Unknown,DL 8SAM 5982,,,,,,,,,,,
25-Aug-22,12:33 PM,2368,1524,Light Commercial Vehicle,MTW - Scooter/Moped,MP 20GA 9693,,,,,,,,,,,
25-Aug-22,12:33 PM,2369,1524,MTW - Scooter/Moped,Light Commercial Vehicle,DL 5SAY 3148,,,,,,,,,,,
25-Aug-22,12:33 PM,2370,1525,Unknown,MTW - Motorcycle Light,,,,,,,,,,,,
25-Aug-22,12:33 PM,2371,1526,Unknown,Pedestrian,,,,,,,,,,,,
25-Aug-22,12:33 PM,2372,1527,Unknown,Pedestrian,,,,,,,,,,,,
25-Aug-22,12:33 PM,2373,1528,Car - Commercial,Pedestrian,DL 10CS 0663,,,,,,,,,,,
25-Aug-22,12:33 PM,2374,1529,MTW - Motorcycle Light,Unknown,DL 3SBY 2509,,,,,,,,,,,
25-Aug-22,12:33 PM,2375,1530,Light Commercial Vehicle,Pedestrian,DL 1LY 4141,,,,,,,,,,,
25-Aug-22,12:33 PM,2376,1531,MTW - Motorcycle Light,Unknown,DL 8SCM 8581,,,,,,,,,,,
25-Aug-22,12:33 PM,2377,1532,MTW - Motorcycle Light,Unknown,,,,,,,,,,,,
25-Aug-22,12:33 PM,2378,1533,Truck (Generic),MTW - Motorcycle Light,PB 19H 6119,,,,,,,,,,,
25-Aug-22,12:33 PM,2379,1533,MTW - Motorcycle Light,Truck (Generic),DL 8SBM 5456,,,,,,,,,,,
25-Aug-22,12:33 PM,2380,1534,Unknown,Pedestrian,,,,,,,,,,,,
25-Aug-22,12:33 PM,2381,1535,MTW - Motorcycle Light,Unknown,,,,,,,,,,,,
25-Aug-22,12:33 PM,2382,1536,MTW - Motorcycle Light,Unknown,HR 10Z 1183,,,,,,,,,,,
25-Aug-22,12:33 PM,2383,1537,Truck (Generic),MTW - Scooter/Moped,DL 1GB 7872,,,,,,,,,,,
25-Aug-22,12:33 PM,2384,1537,MTW - Scooter/Moped,Truck (Generic),DL 8SCL 1593,,,,,,,,,,,
25-Aug-22,12:33 PM,2385,1538,MTW - Motorcycle Light,Unknown,DL 8SCP 7549,,,,,,,,,,,
25-Aug-22,12:33 PM,2386,1539,Light Commercial Vehicle,Pedestrian,DL 2W 4702,,,,,,,,,,,
25-Aug-22,12:33 PM,2387,1540,Car - Commercial,Unknown,DL 1LJ 8808,,,,,,,,,,,
25-Aug-22,12:33 PM,2388,1541,MTW - Motorcycle Light,Pedestrian,,,,,,,,,,,,
25-Aug-22,12:33 PM,2389,1542,Tractor with Trailer,Unknown,HR 55G 3251,,,,,,,,,,,
25-Aug-22,12:33 PM,2390,1543,Truck (Generic),MTW - Scooter/Moped,DL 1LP 9735,,,,,,,,,,,
25-Aug-22,12:33 PM,2391,1543,MTW - Scooter/Moped,Truck (Generic),DL 11D 3005,,,,,,,,,,,
25-Aug-22,12:33 PM,2392,1544,Unknown,Pedestrian,,,,,,,,,,,,
25-Aug-22,12:33 PM,2393,1545,Unknown,Pedestrian,,,,,,,,,,,,
25-Aug-22,12:33 PM,2394,1546,MTW - Motorcycle Light,Unknown,DL 3SCA 0907,,,,,,,,,,,
25-Aug-22,12:33 PM,2395,1547,Car - Passenger,Pedestrian,HR 55AF 0623,,,,,,,,,,,
25-Aug-22,12:33 PM,2396,1548,Car - Commercial,Unknown,UP 16ET 3454,,,,,,,,,,,
25-Aug-22,12:33 PM,2397,1549,MTW - Motorcycle Light,Not Applicable,DL 6SAF 4917,,,,,,,,,,,
25-Aug-22,12:33 PM,2398,1550,Unknown,Pedestrian,,,,,,,,,,,,
25-Aug-22,12:33 PM,2399,1551,MTW - Scooter/Moped,Unknown,DL 12SJ 4366,,,,,,,,,,,
25-Aug-22,12:33 PM,2400,1552,Car - Commercial,MTW - Motorcycle Light,DL 7CT 0340,,,,,,,,,,,
25-Aug-22,12:33 PM,2401,1552,MTW - Motorcycle Light,Car - Commercial,DL 2SM 1285,,,,,,,,,,,
25-Aug-22,12:33 PM,2402,1553,Unknown,Pedestrian,,,,,,,,,,,,
25-Aug-22,12:33 PM,2403,1554,Unknown,Pedestrian,,,,,,,,,,,,
25-Aug-22,12:33 PM,2404,1555,Truck (Generic),MTW - Motorcycle Light,DL 1LR 1431,,,,,,,,,,,
25-Aug-22,12:33 PM,2405,1555,MTW - Motorcycle Light,Truck (Generic),DL 6SAQ 9676,,,,,,,,,,,
25-Aug-22,12:33 PM,2406,1556,Bicycle,Unknown,,,,,,,,,,,,
25-Aug-22,12:33 PM,2407,1557,Unknown,Pedestrian,,,,,,,,,,,,
25-Aug-22,12:33 PM,2408,1558,Car - Commercial,Bicycle,DL 1CAA 2298,,,,,,,,,,,
25-Aug-22,12:33 PM,2409,1559,MTW - Motorcycle Light,Unknown,,,,,,,,,,,,
25-Aug-22,12:33 PM,2410,1560,Truck (Generic),MTW - Scooter/Moped,HR 74A 3082,,,,,,,,,,,
25-Aug-22,12:33 PM,2411,1560,MTW - Scooter/Moped,Truck (Generic),DL 3SEE 9836,,,,,,,,,,,
25-Aug-22,12:33 PM,2412,1561,Truck (Generic),Pedestrian,NL 01AC 9608,,,,,,,,,,,
25-Aug-22,12:33 PM,2413,1562,MTW - Motorcycle Light,Not Applicable,,,,,,,,,,,,
25-Aug-22,12:33 PM,2414,1563,Bus (Cluster),MTW - Scooter/Moped,DL 1PC 4480,,,,,,,,,,,
25-Aug-22,12:33 PM,2415,1563,MTW - Scooter/Moped,Bus,DL 5SCC 0980,,,,,,,,,,,
25-Aug-22,12:33 PM,2416,1564,Light Commercial Vehicle,Pedestrian,DL 1LY 5772,,,,,,,,,,,
25-Aug-22,12:33 PM,2417,1565,Unknown,Pedestrian,,,,,,,,,,,,
25-Aug-22,12:33 PM,2418,1566,Unknown,Pedestrian,,,,,,,,,,,,
25-Aug-22,12:33 PM,2419,1567,MTW - Motorcycle Light,Pedestrian,DL 11SU 8925,,,,,,,,,,,
25-Aug-22,12:33 PM,2420,1568,Car - Commercial,Car - Passenger,DL 12CB 4813,,,,,,,,,,,
25-Aug-22,12:33 PM,2421,1568,Car - Passenger,Car - Commercial,HR 46D 3924,,,,,,,,,,,
25-Aug-22,12:33 PM,2422,1568,Car - Commercial,Car - Commercial,DL 1Z 6001,,,,,,,,,,,
25-Aug-22,12:33 PM,2423,1569,Unknown,Pedestrian,,,,,,,,,,,,
25-Aug-22,12:33 PM,2424,1570,MTW - Motorcycle Light,Unknown,DL 7XBC 0401,,,,,,,,,,,
25-Aug-22,12:33 PM,2425,1571,MTW - Motorcycle Light,Unknown,DL 5STC 0444,,,,,,,,,,,
25-Aug-22,12:33 PM,2426,1572,Unknown,Pedestrian,,,,,,,,,,,,
25-Aug-22,12:33 PM,2427,1573,Car - Commercial,Pedestrian,HR 26CR 5603,,,,,,,,,,,
25-Aug-22,12:33 PM,2428,1574,Unknown,Pedestrian,,,,,,,,,,,,
25-Aug-22,12:33 PM,2429,1575,MTW - Motorcycle Light,Unknown,DL 5SBA 6823,,,,,,,,,,,
25-Aug-22,12:33 PM,2430,1576,Unknown,Pedestrian,,,,,,,,,,,,
25-Aug-22,12:33 PM,2431,1577,MTW - Motorcycle Light,Unknown,DL 7SBZ 0128,,,,,,,,,,,
25-Aug-22,12:33 PM,2432,1578,MTW - Scooter/Moped,Unknown,DL 6SAX 9256,,,,,,,,,,,
25-Aug-22,12:33 PM,2433,1579,Car - Commercial,MTW - Motorcycle Light,DL 9CL 7268,,,,,,,,,,,
25-Aug-22,12:33 PM,2434,1579,MTW - Motorcycle Light,Car - Commercial,DL 13SD 3109,,,,,,,,,,,
25-Aug-22,12:33 PM,2435,1580,Unknown,Pedestrian,,,,,,,,,,,,
25-Aug-22,12:33 PM,2436,1581,Bus (Cluster),Three Wheeler - Passenger,DL 1PC 4326,,,,,,,,,,,
25-Aug-22,12:33 PM,2437,1582,Unknown,Pedestrian,,,,,,,,,,,,
25-Aug-22,12:33 PM,2438,1583,Bus (Cluster),Pedestrian,DL 1PC 5505,,,,,,,,,,,
25-Aug-22,12:33 PM,2439,1584,Unknown,Pedestrian,,,,,,,,,,,,
25-Aug-22,12:33 PM,2440,1585,Unknown,Pedestrian,,,,,,,,,,,,
25-Aug-22,12:33 PM,2441,1586,Bus (Cluster),Pedestrian,DL 1PC 0063,,,,,,,,,,,
25-Aug-22,12:33 PM,2442,1587,Light Commercial Vehicle,Unknown,DL 1LU 3836,,,,,,,,,,,
25-Aug-22,12:33 PM,2443,1588,Construction Vehicle,Pedestrian,UP 17AT 1137,,,,,,,,,,,
25-Aug-22,12:33 PM,2444,1589,MTW - Scooter/Moped,Unknown,TN 07D 4092,,,,,,,,,,,
25-Aug-22,12:33 PM,2445,1590,Truck (Generic),MTW - Motorcycle Light,HR 69A 3344,,,,,,,,,,,
25-Aug-22,12:33 PM,2446,1590,MTW - Motorcycle Light,Truck (Generic),RJ 18SS 2039,,,,,,,,,,,
25-Aug-22,12:33 PM,2447,1591,Car - Commercial,Bicycle,DL 8CAT 4262,,,,,,,,,,,
25-Aug-22,12:33 PM,2448,1592,MTW - Motorcycle Light,Unknown,DL 9SBA 9195,,,,,,,,,,,
25-Aug-22,12:33 PM,2449,1593,MTW - Scooter/Moped,Unknown,,,,,,,,,,,,
25-Aug-22,12:33 PM,2450,1594,MTW - Motorcycle Light,Unknown,DL 6SAA 2289,,,,,,,,,,,
25-Aug-22,12:33 PM,2451,1595,Car - Commercial,MTW - Scooter/Moped,DL 4CAM 3009,,,,,,,,,,,
25-Aug-22,12:33 PM,2452,1595,MTW - Scooter/Moped,Car - Commercial,DL 9SAR 4720,,,,,,,,,,,
25-Aug-22,12:33 PM,2453,1596,Mini Bus,MTW - Motorcycle Light,DL 1VC 3400,,,,,,,,,,,
25-Aug-22,12:33 PM,2454,1596,MTW - Motorcycle Light,Mini Bus,DL 12SL 2780,,,,,,,,,,,
25-Aug-22,12:33 PM,2455,1597,MTW - Scooter/Moped,Unknown,DL 3SCQ 9631,,,,,,,,,,,
25-Aug-22,12:33 PM,2456,1598,Car - Commercial,Truck (Generic),HR 55AB 9238,,,,,,,,,,,
25-Aug-22,12:33 PM,2457,1598,Truck (Generic),Car - Commercial,PB 10CY 6813,,,,,,,,,,,
25-Aug-22,12:33 PM,2458,1599,Unknown,Hand Drawn Vehicle,,,,,,,,,,,,
25-Aug-22,12:33 PM,2459,1600,Unknown,Pedestrian,,,,,,,,,,,,
25-Aug-22,12:33 PM,2460,1601,Unknown,Pedestrian,,,,,,,,,,,,
25-Aug-22,12:33 PM,2461,1602,Bus,MTW - Scooter/Moped,05 P01 6467,,,,,,,,,,,
25-Aug-22,12:33 PM,2462,1602,MTW - Scooter/Moped,Bus,DL 45CU 0493,,,,,,,,,,,
25-Aug-22,12:33 PM,2463,1603,Unknown,Pedestrian,,,,,,,,,,,,
25-Aug-22,12:33 PM,2464,1604,MTW - Motorcycle Heavy,Not Applicable,PB 07 AR 8998,,,,,,,,,,,
25-Aug-22,12:33 PM,2465,1605,Car - Passenger,MTW - Motorcycle Light,HR 55AG 1499,,,,,,,,,,,
25-Aug-22,12:33 PM,2466,1605,MTW - Motorcycle Light,Car - Passenger,DL 12SJ 4870,,,,,,,,,,,
25-Aug-22,12:33 PM,2467,1606,Car - Commercial,Tree,DL 9CAC 7426,,,,,,,,,,,
25-Aug-22,12:33 PM,2468,1607,Car - Commercial,Pedestrian,11B108010,,,,,,,,,,,
25-Aug-22,12:33 PM,2469,1608,Unknown,Pedestrian,,,,,,,,,,,,
25-Aug-22,12:33 PM,2470,1609,Car - Passenger,MTW - Motorcycle Light,HR 55AC 7934,,,,,,,,,,,
25-Aug-22,12:33 PM,2471,1609,MTW - Motorcycle Light,Car - Passenger,DL 3SCW 3626,,,,,,,,,,,
25-Aug-22,12:33 PM,2472,1610,Unknown,Pedestrian,,,,,,,,,,,,
25-Aug-22,12:33 PM,2473,1611,Unknown,Bicycle,,,,,,,,,,,,
25-Aug-22,12:33 PM,2474,1612,Construction Vehicle,MTW - Motorcycle Light,,,,,,,,,,,,
25-Aug-22,12:33 PM,2475,1613,MTW - Motorcycle Light,Unknown,DL 1SAD 3712,,,,,,,,,,,
25-Aug-22,12:33 PM,2476,1614,Unknown,Pedestrian,,,,,,,,,,,,
25-Aug-22,12:33 PM,2477,1615,Truck (Generic),MTW - Scooter/Moped,DL 1GC 3164,,,,,,,,,,,
25-Aug-22,12:33 PM,2478,1615,MTW - Scooter/Moped,Truck (Generic),DL 6SAV 5191,,,,,,,,,,,
25-Aug-22,12:33 PM,2479,1616,E-rickshaw,Bus,DL 6ER 1443,,,,,,,,,,,
25-Aug-22,12:33 PM,2480,1616,Bus (Cluster),Three Wheeler - Passenger,DL 1PD 1569,,,,,,,,,,,
25-Aug-22,12:33 PM,2481,1616,E-rickshaw,Bus,DL 1ERB 0286,,,,,,,,,,,
25-Aug-22,12:33 PM,2482,1616,E-rickshaw,Bus,DL 6ER 1443,,,,,,,,,,,
25-Aug-22,12:33 PM,2483,1616,Three Wheeler - Passenger,Bus,DL 1RM 6308,,,,,,,,,,,
25-Aug-22,12:33 PM,2484,1616,Three Wheeler - Passenger,Bus,DL 1RL 8561,,,,,,,,,,,
25-Aug-22,12:33 PM,2485,1617,Others,Pedestrian,,,,,,,,,,,,
25-Aug-22,12:33 PM,2486,1618,Unknown,Pedestrian,,,,,,,,,,,,
25-Aug-22,12:33 PM,2487,1619,Bus (Cluster),Pedestrian,DL 1PC 3257,,,,,,,,,,,
25-Aug-22,12:33 PM,2488,1620,Light Commercial Vehicle,Unknown,DL 1LN 4801,,,,,,,,,,,
25-Aug-22,12:33 PM,2489,1621,MTW - Motorcycle Light,Not Applicable,,,,,,,,,,,,
25-Aug-22,12:33 PM,2490,1622,Unknown,Pedestrian,,,,,,,,,,,,
25-Aug-22,12:33 PM,2491,1623,Unknown,Pedestrian,,,,,,,,,,,,
25-Aug-22,12:33 PM,2492,1624,MTW - Motorcycle Light,Unknown,DL 9SAY 5433,,,,,,,,,,,
25-Aug-22,12:33 PM,2493,1625,Unknown,Pedestrian,,,,,,,,,,,,
25-Aug-22,12:33 PM,2494,1626,Light Commercial Vehicle,Pedestrian,DL 1LW 0890,,,,,,,,,,,
25-Aug-22,12:33 PM,2495,1627,MTW - Motorcycle Light,Unknown,DL 4SCG 5776,,,,,,,,,,,
25-Aug-22,12:33 PM,2496,1628,MTW - Motorcycle Heavy,Car - Passenger,DL 4SBY 4831,,,,,,,,,,,
25-Aug-22,12:33 PM,2497,1629,MTW - Motorcycle Light,Tractor with Trailer,DL 9SV 9064,,,,,,,,,,,
25-Aug-22,12:33 PM,2498,1630,MTW - Motorcycle Light,Unknown,DL 4SBC 9811,,,,,,,,,,,
25-Aug-22,12:33 PM,2499,1631,Car - Commercial,Pedestrian,DL 12CQ 7533,,,,,,,,,,,
25-Aug-22,12:33 PM,2500,1632,E-rickshaw,Pedestrian,DL 1ERA 8254,,,,,,,,,,,
25-Aug-22,12:33 PM,2501,1633,Car - Commercial,MTW - Motorcycle Light,DL 9CAK 6008,,,,,,,,,,,
25-Aug-22,12:33 PM,2502,1633,MTW - Motorcycle Light,Car - Commercial,DL 11SM 5716,,,,,,,,,,,
25-Aug-22,12:33 PM,2503,1634,MTW - Scooter/Moped,Not Applicable,HR 26DM 7002,,,,,,,,,,,
25-Aug-22,12:33 PM,2504,1635,Unknown,Pedestrian,,,,,,,,,,,,
25-Aug-22,12:33 PM,2506,1636,Car - Commercial,Pedestrian,HR 26BR 3511,,,,,,,,,,,
25-Aug-22,12:33 PM,2507,1637,Car - Commercial,Three Wheeler - Passenger,DL 2CAR 4495,,,,,,,,,,,
25-Aug-22,12:33 PM,2508,1637,E-rickshaw,Car - Commercial,DL 1ERA 1920,,,,,,,,,,,
25-Aug-22,12:33 PM,2509,1637,E-rickshaw,Car - Commercial,DL 4ER 5561,,,,,,,,,,,
25-Aug-22,12:33 PM,2510,1638,Unknown,Pedestrian,,,,,,,,,,,,
25-Aug-22,12:33 PM,2511,1639,Unknown,Pedestrian,,,,,,,,,,,,
25-Aug-22,12:33 PM,2512,1640,Car - Commercial,Pedestrian,DL 11CA 7657,,,,,,,,,,,
25-Aug-22,12:33 PM,2513,1641,MTW - Motorcycle Light,Not Applicable,DL 9SAW 2725,,,,,,,,,,,
25-Aug-22,12:33 PM,2514,1642,MTW - Motorcycle Light,Unknown,DL 9SBA 3625,,,,,,,,,,,
25-Aug-22,12:33 PM,2515,1643,MTW - Scooter/Moped,Unknown,DL 9SBB 2505,,,,,,,,,,,
25-Aug-22,12:33 PM,2516,1644,MTW - Motorcycle Light,Wall,DL 3SBT 1424,,,,,,,,,,,
25-Aug-22,12:33 PM,2517,1645,MTW - Motorcycle Light,Unknown,DL 4SC 4560,,,,,,,,,,,
25-Aug-22,12:33 PM,2518,1646,MTW - Scooter/Moped,Unknown,DL 4SBS 5179,,,,,,,,,,,
25-Aug-22,12:33 PM,2519,1647,Unknown,Pedestrian,,,,,,,,,,,,
25-Aug-22,12:33 PM,2520,1648,MTW - Motorcycle Light,Unknown,DL 10SE 1029,,,,,,,,,,,
25-Aug-22,12:33 PM,2521,1649,Unknown,Pedestrian,,,,,,,,,,,,
25-Aug-22,12:33 PM,2522,1650,Bus (DTC Delhi),MTW - Motorcycle Light,DL 1PC 4036,,,,,,,,,,,
25-Aug-22,12:33 PM,2523,1650,MTW - Motorcycle Light,Bus,DL 9SBG 9272,,,,,,,,,,,
25-Aug-22,12:33 PM,2524,1651,Car - Commercial,Pedestrian,,,,,,,,,,,,
25-Aug-22,12:33 PM,2525,1652,Truck (Generic),Pedestrian,DL 1LM 8927,,,,,,,,,,,
25-Aug-22,12:33 PM,2528,1654,Unknown,Pedestrian,,,,,,,,,,,,
25-Aug-22,12:33 PM,2529,1655,Unknown,Pedestrian,,,,,,,,,,,,
25-Aug-22,12:33 PM,2530,1656,Unknown,Pedestrian,,,,,,,,,,,,
25-Aug-22,12:33 PM,2531,1657,Unknown,Pedestrian,,,,,,,,,,,,
25-Aug-22,12:33 PM,2532,1658,Bus,MTW - Motorcycle Light,UP 31AT 1037,,,,,,,,,,,
25-Aug-22,12:33 PM,2533,1658,MTW - Motorcycle Light,Bus,DL 1SAD 3273,,,,,,,,,,,
25-Aug-22,12:33 PM,2534,1659,Bus (Cluster),MTW - Motorcycle Light,DL 1PC 6828,,,,,,,,,,,
25-Aug-22,12:33 PM,2535,1659,MTW - Motorcycle Light,Bus (Cluster),DL 11SA 0732,,,,,,,,,,,
25-Aug-22,12:33 PM,2536,1660,MTW - Motorcycle Light,Unknown,DL 7SCA 0728,,,,,,,,,,,
25-Aug-22,12:33 PM,2537,1661,MTW - Motorcycle Light,Unknown,DL 6SN 7228,,,,,,,,,,,
25-Aug-22,12:33 PM,2538,1662,Truck (Generic),MTW - Scooter/Moped,UK 17CA 2391,,,,,,,,,,,
25-Aug-22,12:33 PM,2539,1662,MTW - Scooter/Moped,Truck (Generic),DL 5SBZ 7045,,,,,,,,,,,
25-Aug-22,12:33 PM,2540,1663,Car - Passenger,Pedestrian,UP 14FT 2057,,,,,,,,,,,
25-Aug-22,12:33 PM,2541,1664,Three Wheeler - Passenger,Not Applicable,,,,,,,,,,,,
25-Aug-22,12:33 PM,2542,1664,MTW - Motorcycle Light,Others,,,,,,,,,,,,
25-Aug-22,12:33 PM,2543,1665,Mini Bus,Pedestrian,,,,,,,,,,,,
25-Aug-22,12:33 PM,2544,1666,MTW - Scooter/Moped,Unknown,DL 11SD 2335,,,,,,,,,,,
25-Aug-22,12:33 PM,2545,1667,Tractor with Trailer,Pole,HR 11J 0279,,,,,,,,,,,
25-Aug-22,12:33 PM,2546,1668,MTW - Scooter/Moped,Not Applicable,,,,,,,,,,,,
25-Aug-22,12:33 PM,2547,1669,MTW - Motorcycle Light,Unknown,DL 7SAL 7638,,,,,,,,,,,
25-Aug-22,12:33 PM,2548,1670,MTW - Motorcycle Light,Unknown,DL 5SBC 8429,,,,,,,,,,,
25-Aug-22,12:33 PM,2549,1671,Mini Bus,Pedestrian,DL 1VB 9732,,,,,,,,,,,
25-Aug-22,12:33 PM,2550,1672,Unknown,Pedestrian,,,,,,,,,,,,
25-Aug-22,12:33 PM,2551,1673,Bus,Three Wheeler - Passenger,UK 17P 0018,,,,,,,,,,,
25-Aug-22,12:33 PM,2552,1673,Three Wheeler - Passenger,Bus,DL 1RU 2902,,,,,,,,,,,
25-Aug-22,12:33 PM,2553,1674,MTW - Motorcycle Light,Unknown,DL 7SAP 3271,,,,,,,,,,,
25-Aug-22,12:33 PM,2554,1675,Ambulance,MTW - Motorcycle Light,UP 23T  6222,,,,,,,,,,,
25-Aug-22,12:33 PM,2555,1675,MTW - Motorcycle Light,Ambulance,DL 5SY 7468,,,,,,,,,,,
25-Aug-22,12:33 PM,2556,1676,Unknown,Pedestrian,,,,,,,,,,,,
25-Aug-22,12:33 PM,2557,1677,Unknown,Pedestrian,,,,,,,,,,,,
25-Aug-22,12:33 PM,2558,1678,Car - Commercial,MTW - Motorcycle Light,DL 9CAA 2895,,,,,,,,,,,
25-Aug-22,12:33 PM,2559,,MTW - Motorcycle Light,Car - Commercial,DL 1SV 2765,,,,,,,,,,,
25-Aug-22,12:33 PM,2560,1679,Car - Commercial,Pedestrian,DL 1LT 5849,,,,,,,,,,,
25-Aug-22,12:33 PM,2561,1680,Unknown,Pedestrian,,,,,,,,,,,,
25-Aug-22,12:33 PM,2562,1681,MTW - Scooter/Moped,Truck (Generic),DL 7SAY 8717,,,,,,,,,,,
25-Aug-22,12:33 PM,2563,1682,Car - Commercial,MTW - Scooter/Moped,DL 5CH 9404,,,,,,,,,,,
25-Aug-22,12:33 PM,2564,1682,MTW - Scooter/Moped,Car - Commercial,DL 5SBN 0445,,,,,,,,,,,
25-Aug-22,12:33 PM,2565,1683,Truck (Generic),MTW - Motorcycle Light,DL 1LV 9394,,,,,,,,,,,
25-Aug-22,12:33 PM,2566,1683,MTW - Motorcycle Light,Truck (Generic),DL 8SCG 5470,,,,,,,,,,,
25-Aug-22,12:33 PM,2567,1684,Unknown,Pedestrian,,,,,,,,,,,,
25-Aug-22,12:33 PM,2568,1685,Car - Commercial,Pedestrian,DL 4CAE 0327,,,,,,,,,,,
25-Aug-22,12:33 PM,2569,1686,Three Wheeler - Passenger,Pedestrian,DL 1RP 9283,,,,,,,,,,,
25-Aug-22,12:33 PM,2571,1687,MTW - Motorcycle Light,Pedestrian,DL 8SAX 6682,,,,,,,,,,,
25-Aug-22,12:33 PM,2572,1688,Unknown,Pedestrian,,,,,,,,,,,,
25-Aug-22,12:33 PM,2573,1689,Unknown,Pedestrian,,,,,,,,,,,,
25-Aug-22,12:33 PM,2574,1690,MTW - Motorcycle Light,Unknown,,,,,,,,,,,,
25-Aug-22,12:33 PM,2575,1691,MTW - Motorcycle Light,Unknown,DL 8SCP 1206,,,,,,,,,,,
25-Aug-22,12:33 PM,2576,1692,MTW - Motorcycle Light,Not Applicable,DL 5SBM 7464,,,,,,,,,,,
25-Aug-22,12:33 PM,2577,1693,Ambulance,MTW - Motorcycle Light,UP 23T 4380,,,,,,,,,,,
25-Aug-22,12:33 PM,2578,1693,MTW - Motorcycle Light,Ambulance,DL 7SAY 5664,,,,,,,,,,,
25-Aug-22,12:33 PM,2579,1694,MTW - Motorcycle Light,Unknown,DL 3SBQ 0671,,,,,,,,,,,
25-Aug-22,12:33 PM,2580,1695,Truck (Generic),Bus (DTC Delhi),HR 55X 0508,,,,,,,,,,,
25-Aug-22,12:33 PM,2581,1695,Bus (DTC Delhi),Truck (Generic),DL 1PC 8097,,,,,,,,,,,
25-Aug-22,12:33 PM,2582,1696,MTW - Motorcycle Light,Unknown,DL 9SL 2095,,,,,,,,,,,
25-Aug-22,12:33 PM,2583,1697,Truck (Generic),Not Applicable,RJ 14GJ 9882,,,,,,,,,,,
25-Aug-22,12:33 PM,2585,1698,Car - Commercial,Three Wheeler - Passenger,,,,,,,,,,,,
25-Aug-22,12:33 PM,2586,1699,Car - Passenger,Pedestrian,DL 1RTB 7960,,,,,,,,,,,
25-Aug-22,12:33 PM,2587,1701,MTW - Scooter/Moped,Bus (DTC Delhi),DL 65AU 1631,,,,,,,,,,,
25-Aug-22,12:33 PM,2588,1702,MTW - Scooter/Moped,Unknown,DL 8SCR 2397,,,,,,,,,,,
25-Aug-22,12:33 PM,2589,1703,Car - Commercial,Pedestrian,DL 2CAK 8546,,,,,,,,,,,
25-Aug-22,12:33 PM,2590,1703,MTW - Scooter/Moped,Car - Commercial,DL 6SAH 0131,,,,,,,,,,,
25-Aug-22,12:33 PM,2591,1704,MTW - Motorcycle Light,Unknown,DL 7SAL 6418,,,,,,,,,,,
25-Aug-22,12:33 PM,2592,1705,Unknown,Pedestrian,,,,,,,,,,,,
25-Aug-22,12:33 PM,2593,1706,MTW - Motorcycle Light,Unknown,,,,,,,,,,,,
25-Aug-22,12:33 PM,2594,1707,MTW - Motorcycle Light,Unknown,DL 5SBX 2525,,,,,,,,,,,
25-Aug-22,12:33 PM,2595,1708,Bus,Pedestrian,,,,,,,,,,,,
25-Aug-22,12:33 PM,2596,1709,MTW - Motorcycle Light,Unknown,,,,,,,,,,,,
25-Aug-22,12:33 PM,2597,1710,Tractor with Trailer,Not Applicable,,,,,,,,,,,,
25-Aug-22,12:33 PM,2598,1711,Unknown,Pedestrian,,,,,,,,,,,,
25-Aug-22,12:33 PM,2599,1712,Truck (Generic),MTW - Motorcycle Light,HR 47A 0087,,,,,,,,,,,
25-Aug-22,12:33 PM,2600,1712,MTW - Motorcycle Light,Truck (Generic),DL 8SCA 7815,,,,,,,,,,,
25-Aug-22,12:33 PM,2601,1713,MTW - Motorcycle Light,Not Applicable,DL 11SY 0269,,,,,,,,,,,
25-Aug-22,12:33 PM,2602,1714,MTW - Scooter/Moped,Unknown,DL 11CT 0478,,,,,,,,,,,
25-Aug-22,12:33 PM,2603,1715,Unknown,Pedestrian,,,,,,,,,,,,
25-Aug-22,12:33 PM,2604,1716,Unknown,MTW - Motorcycle Light,,,,,,,,,,,,
25-Aug-22,12:33 PM,2605,1717,Unknown,Pedestrian,,,,,,,,,,,,
25-Aug-22,12:33 PM,2606,1718,Unknown,Pedestrian,,,,,,,,,,,,
25-Aug-22,12:33 PM,2607,1719,Light Commercial Vehicle,Pedestrian,HR 13E 1660,,,,,,,,,,,
25-Aug-22,12:33 PM,2608,1720,Mini Bus,Light Commercial Vehicle,DL 1VC 0157,,,,,,,,,,,
25-Aug-22,12:33 PM,2609,1720,Light Commercial Vehicle,Mini Bus,DL 1LU 0936,,,,,,,,,,,
25-Aug-22,12:33 PM,2610,1721,Light Commercial Vehicle,Pedestrian,HR 56A 5338,,,,,,,,,,,
25-Aug-22,12:33 PM,2611,1722,Three Wheeler - Passenger,Unknown,DL 1RU 4889,,,,,,,,,,,
25-Aug-22,12:33 PM,2612,1723,Unknown,Pedestrian,,,,,,,,,,,,
25-Aug-22,12:33 PM,2613,1724,MTW - Scooter/Moped,Unknown,,,,,,,,,,,,
25-Aug-22,12:33 PM,2614,1725,Light Commercial Vehicle,Car - Commercial,DL 1LAB 5028,,,,,,,,,,,
25-Aug-22,12:33 PM,2615,1725,Car - Commercial,Light Commercial Vehicle,DL 9CAD 2054,,,,,,,,,,,
25-Aug-22,12:33 PM,2616,1726,Truck (Generic),Pedestrian,HR 55L 8743,,,,,,,,,,,
25-Aug-22,12:33 PM,2617,1727,MTW - Motorcycle Light,Truck (Generic),DL 1SAA 2059,,,,,,,,,,,
25-Aug-22,12:33 PM,2618,1727,Truck (Generic),MTW - Motorcycle Light,HR 38S 1366,,,,,,,,,,,
25-Aug-22,12:33 PM,2619,,Unknown,Bicycle,,,,,,,,,,,,
25-Aug-22,12:33 PM,2620,1729,Truck (Generic),Truck (Generic),DL 1LAA 1618,,,,,,,,,,,
25-Aug-22,12:33 PM,2621,1729,Truck (Generic),Truck (Generic),DL 1LP 1287,,,,,,,,,,,
25-Aug-22,12:33 PM,2622,1730,Light Commercial Vehicle,MTW - Motorcycle Light,DL 1LQ 8758,,,,,,,,,,,
25-Aug-22,12:33 PM,2623,1730,MTW - Motorcycle Light,Light Commercial Vehicle,RJ 18SM 9810,,,,,,,,,,,
25-Aug-22,12:33 PM,2624,1731,Unknown,Pedestrian,,,,,,,,,,,,
25-Aug-22,12:33 PM,2625,1732,Unknown,Pedestrian,,,,,,,,,,,,
25-Aug-22,12:33 PM,2626,1733,Car - Commercial,Pedestrian,DL 1ZC 5748,,,,,,,,,,,
25-Aug-22,12:33 PM,2627,1733,Car - Commercial,Bicycle,DL 1ZC 5748,,,,,,,,,,,
25-Aug-22,12:33 PM,2628,1734,Three Wheeler - Passenger,Bicycle,DL 1RZ 0606,,,,,,,,,,,
25-Aug-22,12:33 PM,2629,1735,Bus,MTW - Scooter/Moped,UP 14ET 3320,,,,,,,,,,,
25-Aug-22,12:33 PM,2630,1735,MTW - Scooter/Moped,Bus,UP 14DS 6218,,,,,,,,,,,
25-Aug-22,12:33 PM,2631,1736,Car - Commercial,Median,DL 13CC 3559,,,,,,,,,,,
25-Aug-22,12:33 PM,2632,1737,Truck (Generic),Not Applicable,JK 05D 6171,,,,,,,,,,,
25-Aug-22,12:33 PM,2633,1738,Light Commercial Vehicle,Truck (Generic),HR 69C 9429,,,,,,,,,,,
25-Aug-22,12:33 PM,2634,1738,Truck (Generic),Light Commercial Vehicle,DL 1LAB 4682,,,,,,,,,,,
25-Aug-22,12:33 PM,2635,1739,MTW - Scooter/Moped,Unknown,DL 7SAT 0200,,,,,,,,,,,
25-Aug-22,12:33 PM,2636,1740,Unknown,Pedestrian,,,,,,,,,,,,
25-Aug-22,12:33 PM,2637,1741,MTW - Motorcycle Light,Three Wheeler - Passenger,,,,,,,,,,,,
25-Aug-22,12:33 PM,2638,1742,Unknown,Pedestrian,,,,,,,,,,,,
25-Aug-22,12:33 PM,2639,1743,Unknown,Pedestrian,,,,,,,,,,,,
25-Aug-22,12:33 PM,2640,1744,MTW - Motorcycle Light,Unknown,DL 3SBU 0271,,,,,,,,,,,
25-Aug-22,12:33 PM,2641,1745,Light Commercial Vehicle,Pedestrian,DL 1LU 7394,,,,,,,,,,,
25-Aug-22,12:33 PM,2642,1746,MTW - Scooter/Moped,Unknown,DL 7SBZ 8358,,,,,,,,,,,
25-Aug-22,12:33 PM,2643,1747,Car - Commercial,Pedestrian,RJ 14UG 0071,,,,,,,,,,,
25-Aug-22,12:33 PM,2644,1748,Mini Bus,MTW - Motorcycle Light,UP 17T 0108,,,,,,,,,,,
25-Aug-22,12:33 PM,2645,1748,MTW - Motorcycle Light,Mini Bus,DL SSAF 2427,,,,,,,,,,,
25-Aug-22,12:33 PM,2646,1749,Tractor with Trailer,Not Applicable,DL 1E 2234,,,,,,,,,,,
25-Aug-22,12:33 PM,2647,1750,Unknown,Pedestrian,,,,,,,,,,,,
25-Aug-22,12:33 PM,2648,1751,Unknown,Pedestrian,,,,,,,,,,,,
25-Aug-22,12:33 PM,2649,1752,Car - Commercial,Pedestrian,DL 7CK 9039,,,,,,,,,,,
25-Aug-22,12:33 PM,2650,1753,Unknown,Pedestrian,,,,,,,,,,,,
25-Aug-22,12:33 PM,2651,1754,Bus,Pedestrian,DL 1VPC 4132,,,,,,,,,,,
25-Aug-22,12:33 PM,2652,1755,Unknown,Pedestrian,,,,,,,,,,,,
25-Aug-22,12:33 PM,2653,1756,Light Commercial Vehicle,MTW - Scooter/Moped,UP 16AT 1280,,,,,,,,,,,
25-Aug-22,12:33 PM,2654,1756,MTW - Scooter/Moped,Light Commercial Vehicle,DL 4SCE 8119,,,,,,,,,,,
25-Aug-22,12:33 PM,2655,1757,Unknown,Pedestrian,,,,,,,,,,,,
25-Aug-22,12:33 PM,2656,1758,Unknown,Pedestrian,,,,,,,,,,,,
25-Aug-22,12:33 PM,2657,1759,Car - Commercial,Pedestrian,DL 5CJ 3235,,,,,,,,,,,
25-Aug-22,12:33 PM,2658,1760,Unknown,Pedestrian,,,,,,,,,,,,
25-Aug-22,12:33 PM,2659,1761,Unknown,Pedestrian,,,,,,,,,,,,
25-Aug-22,12:33 PM,2660,1762,MTW - Motorcycle Light,Pedestrian,DL 6SBB 0744,,,,,,,,,,,
25-Aug-22,12:33 PM,2661,1763,Truck (Generic),Pedestrian,HR 38S 3450,,,,,,,,,,,
25-Aug-22,12:33 PM,2662,1764,Bus (DTC Delhi),Pedestrian,DL 1PC 7416,,,,,,,,,,,
25-Aug-22,12:33 PM,2663,1765,Bus (Cluster),Pedestrian,DL 1PD 0568,,,,,,,,,,,
25-Aug-22,12:33 PM,2664,1766,Unknown,Pedestrian,,,,,,,,,,,,
25-Aug-22,12:33 PM,2665,1767,Car - Passenger,Pedestrian,DL 1ZB 4162,,,,,,,,,,,
25-Aug-22,12:33 PM,2666,1768,Unknown,Pedestrian,,,,,,,,,,,,
25-Aug-22,12:33 PM,2667,1769,Unknown,Pedestrian,,,,,,,,,,,,
25-Aug-22,12:33 PM,2668,1770,Light Commercial Vehicle,Not Applicable,DL 1LP 4950,,,,,,,,,,,
25-Aug-22,12:33 PM,2669,1771,Unknown,Pedestrian,,,,,,,,,,,,
25-Aug-22,12:33 PM,2670,1772,Truck (Generic),Pedestrian,,,,,,,,,,,,
25-Aug-22,12:33 PM,2671,1773,Unknown,Pedestrian,,,,,,,,,,,,
25-Aug-22,12:33 PM,2672,1774,Unknown,Pedestrian,,,,,,,,,,,,
25-Aug-22,12:33 PM,2673,1775,MTW - Motorcycle Light,Unknown,DL 4SCW 9254,,,,,,,,,,,
25-Aug-22,12:33 PM,2674,1776,Mini Bus,MTW - Scooter/Moped,DL 1PC 4074,,,,,,,,,,,
25-Aug-22,12:33 PM,2675,1776,MTW - Scooter/Moped,Mini Bus,DL 15AC 0359,,,,,,,,,,,
25-Aug-22,12:33 PM,2676,1777,Unknown,Pedestrian,,,,,,,,,,,,
25-Aug-22,12:33 PM,2677,1778,Unknown,Pedestrian,,,,,,,,,,,,
25-Aug-22,12:33 PM,2678,1779,Unknown,Pedestrian,,,,,,,,,,,,
25-Aug-22,12:33 PM,2679,1780,Ambulance,MTW - Motorcycle Light,DL 1A 2876,,,,,,,,,,,
25-Aug-22,12:33 PM,2680,1780,MTW - Motorcycle Light,Ambulance,DL 10S 8512,,,,,,,,,,,
25-Aug-22,12:33 PM,2681,1781,Truck (Generic),Bicycle,HR 55AA 9455,,,,,,,,,,,
25-Aug-22,12:33 PM,2682,1782,Unknown,Pedestrian,,,,,,,,,,,,
25-Aug-22,12:33 PM,2683,1783,Unknown,Pedestrian,,,,,,,,,,,,
25-Aug-22,12:33 PM,2684,,E-rickshaw,Pedestrian,,,,,,,,,,,,
25-Aug-22,12:33 PM,2685,1785,Bus,MTW - Motorcycle Light,DL 1PD 2829,,,,,,,,,,,
25-Aug-22,12:33 PM,2686,1784,MTW - Motorcycle Light,Bus,DL 13SW 7598,,,,,,,,,,,
25-Aug-22,12:33 PM,2687,1784,Bus,Cycle Rickshaw,DL 1PD 2829,,,,,,,,,,,
25-Aug-22,12:33 PM,2688,1786,Unknown,Pedestrian,,,,,,,,,,,,
25-Aug-22,12:33 PM,2689,1787,Car - Commercial,MTW - Scooter/Moped,DL 1LR 3411,,,,,,,,,,,
25-Aug-22,12:33 PM,2690,1787,MTW - Scooter/Moped,Car - Commercial,DL 7SN 8945,,,,,,,,,,,
25-Aug-22,12:33 PM,2691,1787,Light Commercial Vehicle,Not Applicable,,,,,,,,,,,,
25-Aug-22,12:33 PM,2692,1789,MTW - Motorcycle Light,Not Applicable,DL 7SBQ 7573,,,,,,,,,,,
25-Aug-22,12:33 PM,2693,1790,MTW - Motorcycle Light,Unknown,DL 7SCA 2326,,,,,,,,,,,
25-Aug-22,12:33 PM,2694,1791,Unknown,Pedestrian,,,,,,,,,,,,
25-Aug-22,12:33 PM,2695,1792,MTW - Scooter/Moped,Not Applicable,DL 5SBQ 7412,,,,,,,,,,,
25-Aug-22,12:33 PM,2696,1793,Three Wheeler - Passenger,Pedestrian,,,,,,,,,,,,
25-Aug-22,12:33 PM,2697,1794,MTW - Motorcycle Light,Not Applicable,DL 6SAE 6909,,,,,,,,,,,
25-Aug-22,12:33 PM,2698,1795,Unknown,Pedestrian,,,,,,,,,,,,
25-Aug-22,12:33 PM,2699,1795,Bus,Pedestrian,,,,,,,,,,,,
25-Aug-22,12:33 PM,2700,1797,MTW - Scooter/Moped,Unknown,DL 8SCS 8989,,,,,,,,,,,
25-Aug-22,12:33 PM,2701,1798,Unknown,Pedestrian,,,,,,,,,,,,
25-Aug-22,12:33 PM,2702,1799,Truck (Generic),Cycle Rickshaw,,,,,,,,,,,,
25-Aug-22,12:33 PM,2703,1800,Bus,Pedestrian,DL 1PC 9649,,,,,,,,,,,
25-Aug-22,12:33 PM,2704,1801,Truck (Generic),Pedestrian,UK 04CB 2204,,,,,,,,,,,
25-Aug-22,12:33 PM,2705,1802,Unknown,Pedestrian,,,,,,,,,,,,
25-Aug-22,12:33 PM,2706,1803,Truck (Generic),MTW - Motorcycle Light,HR 73 7946,,,,,,,,,,,
25-Aug-22,12:33 PM,2707,1803,MTW - Motorcycle Light,Truck (Generic),DL 5SAD 6783,,,,,,,,,,,
25-Aug-22,12:33 PM,2708,1804,Unknown,Pedestrian,,,,,,,,,,,,
25-Aug-22,12:33 PM,2709,1805,Unknown,Pedestrian,,,,,,,,,,,,
25-Aug-22,12:33 PM,2710,1806,Unknown,Pedestrian,,,,,,,,,,,,
25-Aug-22,12:33 PM,2711,1807,Unknown,Pedestrian,,,,,,,,,,,,
25-Aug-22,12:33 PM,2712,1808,Unknown,Pedestrian,,,,,,,,,,,,
25-Aug-22,12:33 PM,2713,1809,Unknown,Pedestrian,,,,,,,,,,,,
25-Aug-22,12:33 PM,2714,1810,Unknown,Pedestrian,,,,,,,,,,,,
25-Aug-22,12:33 PM,2715,1811,Bicycle,Unknown,,,,,,,,,,,,
25-Aug-22,12:33 PM,2716,1812,Unknown,Pedestrian,,,,,,,,,,,,
25-Aug-22,12:33 PM,2717,1813,Bus,Pedestrian,DL 1PD 1059,,,,,,,,,,,
25-Aug-22,12:33 PM,2718,1814,MTW - Motorcycle Light,Pedestrian,DL 7SCE 5963,,,,,,,,,,,
25-Aug-22,12:33 PM,2719,1815,MTW - Motorcycle Light,Pedestrian,DL 7SBB 5911,,,,,,,,,,,
25-Aug-22,12:33 PM,2720,1816,Car - Commercial,Pedestrian,DL 1CAA 6162,,,,,,,,,,,
25-Aug-22,12:33 PM,2721,1817,Unknown,Pedestrian,,,,,,,,,,,,
25-Aug-22,12:33 PM,2722,1818,MTW - Motorcycle Light,Unknown,DL 5SAF 8468,,,,,,,,,,,
25-Aug-22,12:33 PM,2723,1819,Light Commercial Vehicle,MTW - Scooter/Moped,DL 1W 1029,,,,,,,,,,,
25-Aug-22,12:33 PM,2724,1819,MTW - Scooter/Moped,Light Commercial Vehicle,DL 6SAQ 4129,,,,,,,,,,,
25-Aug-22,12:33 PM,2725,1820,Truck (Generic),Pedestrian,HR 74A 4322,,,,,,,,,,,
25-Aug-22,12:33 PM,2726,1821,Unknown,Pedestrian,,,,,,,,,,,,
25-Aug-22,12:33 PM,2727,1822,Multi-Axle Heavy Commercial Vehicle,MTW - Scooter/Moped,DL 1GB 7918,,,,,,,,,,,
25-Aug-22,12:33 PM,2728,1822,MTW - Scooter/Moped,Multi-Axle Heavy Commercial Vehicle,DL 12S 7290,,,,,,,,,,,
25-Aug-22,12:33 PM,2729,1823,Unknown,Pedestrian,,,,,,,,,,,,
25-Aug-22,12:33 PM,2730,1824,Multi-Axle Heavy Commercial Vehicle,Pedestrian,,,,,,,,,,,,
25-Aug-22,12:33 PM,2731,1825,Multi-Axle Heavy Commercial Vehicle,MTW - Scooter/Moped,HR 69A 4661,,,,,,,,,,,
25-Aug-22,12:33 PM,2732,1825,MTW - Scooter/Moped,Multi-Axle Heavy Commercial Vehicle,DL 14SH 0798,,,,,,,,,,,
25-Aug-22,12:33 PM,2733,1826,Hand Drawn Vehicle,Unknown,,,,,,,,,,,,
25-Aug-22,12:33 PM,2734,1827,Unknown,Pedestrian,,,,,,,,,,,,
25-Aug-22,12:33 PM,2735,1828,MTW - Motorcycle Light,Unknown,DL 8SCE 9662,,,,,,,,,,,
25-Aug-22,12:33 PM,2736,1829,Multi-Axle Heavy Commercial Vehicle,Pedestrian,,,,,,,,,,,,
25-Aug-22,12:33 PM,2737,1830,MTW - Motorcycle Light,Unknown,DL 11SA 9092,,,,,,,,,,,
25-Aug-22,12:33 PM,2738,1831,Multi-Axle Heavy Commercial Vehicle,Two-Axle Medium Commercial Vehicle,HR 69C 4341,,,,,,,,,,,
25-Aug-22,12:33 PM,2739,1831,Two-Axle Medium Commercial Vehicle,Multi-Axle Heavy Commercial Vehicle,DL 1MA 3693,,,,,,,,,,,
25-Aug-22,12:33 PM,2740,1832,MTW - Motorcycle Light,Unknown,UP 15TCV 2133,,,,,,,,,,,
25-Aug-22,12:33 PM,2741,1833,Multi-Axle Heavy Commercial Vehicle,Mini Bus,HR 74 5228,,,,,,,,,,,
25-Aug-22,12:33 PM,2742,1833,Mini Bus,Multi-Axle Heavy Commercial Vehicle,DL 1VC 3531,,,,,,,,,,,
25-Aug-22,12:33 PM,2743,1834,Unknown,Pedestrian,,,,,,,,,,,,
25-Aug-22,12:33 PM,2744,1835,Bus (DTC Delhi),Pedestrian,DL 1PC 7725,,,,,,,,,,,
25-Aug-22,12:33 PM,2745,1836,Car - Commercial,MTW - Motorcycle Light,DL 4CNA 5135,,,,,,,,,,,
25-Aug-22,12:33 PM,2746,1836,MTW - Motorcycle Light,Car - Commercial,DL 3SAY 7605,,,,,,,,,,,
25-Aug-22,12:33 PM,2747,1837,Unknown,Pedestrian,,,,,,,,,,,,
25-Aug-22,12:33 PM,2748,1838,MTW - Motorcycle Light,Unknown,,,,,,,,,,,,
25-Aug-22,12:33 PM,2749,1839,Light Commercial Vehicle,Pedestrian,DL 1LT 1360,,,,,,,,,,,
25-Aug-22,12:33 PM,2750,1840,MTW - Motorcycle Light,Unknown,DL 5SAT 3727,,,,,,,,,,,
25-Aug-22,12:33 PM,2751,1841,Unknown,Pedestrian,,,,,,,,,,,,
25-Aug-22,12:33 PM,2752,1842,Unknown,Pedestrian,,,,,,,,,,,,
25-Aug-22,12:33 PM,2753,1843,MTW - Scooter/Moped,Unknown,DL 7SBX 7306,,,,,,,,,,,
25-Aug-22,12:33 PM,2754,1844,Car - Commercial,Pole,DL 12CB 3656,,,,,,,,,,,
25-Aug-22,12:33 PM,2755,1845,Three Wheeler - Passenger,Bicycle,DL 1RL 7998,,,,,,,,,,,
25-Aug-22,12:33 PM,2756,1846,Unknown,Pedestrian,,,,,,,,,,,,
25-Aug-22,12:33 PM,2757,1847,Car - Commercial,MTW - Scooter/Moped,DL 1Y 5407,,,,,,,,,,,
25-Aug-22,12:33 PM,2758,1847,MTW - Scooter/Moped,Car - Commercial,UP 16BP 3050,,,,,,,,,,,
25-Aug-22,12:33 PM,2759,1847,Car - Commercial,Car - Commercial,DL 9CS 9189,,,,,,,,,,,
25-Aug-22,12:33 PM,2760,1847,Truck (Generic),Car - Commercial,DL 1LY 2621,,,,,,,,,,,
25-Aug-22,12:33 PM,2761,1848,Car - Commercial,Pedestrian,DL 8CAJ 1697,,,,,,,,,,,
25-Aug-22,12:33 PM,2762,1849,Unknown,Pedestrian,,,,,,,,,,,,
25-Aug-22,12:33 PM,2763,1850,Unknown,Pedestrian,,,,,,,,,,,,
25-Aug-22,12:33 PM,2764,1851,Ambulance,Unknown,UP 23T 4867,,,,,,,,,,,
25-Aug-22,12:33 PM,2765,1852,Unknown,Pedestrian,,,,,,,,,,,,
25-Aug-22,12:33 PM,2766,1853,MTW - Scooter/Moped,Unknown,DEO5007,,,,,,,,,,,
25-Aug-22,12:33 PM,2767,1854,MTW - Scooter/Moped,Not Applicable,,,,,,,,,,,,
25-Aug-22,12:33 PM,2768,1855,MTW - Motorcycle Light,Unknown,DL 8SCJ 8361,,,,,,,,,,,
25-Aug-22,12:33 PM,2769,1856,MTW - Scooter/Moped,Unknown,DL 8SCJ 4743,,,,,,,,,,,
25-Aug-22,12:33 PM,2770,1857,MTW - Motorcycle Light,Pedestrian,,,,,,,,,,,,
25-Aug-22,12:33 PM,2771,1858,Unknown,Pedestrian,,,,,,,,,,,,
25-Aug-22,12:33 PM,2772,1859,"Car - Van, Commercial",Pedestrian,DL 8CAW 7986,,,,,,,,,,,
25-Aug-22,12:33 PM,2773,1860,MTW - Scooter/Moped,Pedestrian,DL 6TC 0389,,,,,,,,,,,
25-Aug-22,12:33 PM,2774,1861,Unknown,Pedestrian,,,,,,,,,,,,
25-Aug-22,12:33 PM,2775,1862,Unknown,Pedestrian,,,,,,,,,,,,
25-Aug-22,12:33 PM,2776,1863,Unknown,Pedestrian,,,,,,,,,,,,
25-Aug-22,12:33 PM,2777,1864,Unknown,Pedestrian,,,,,,,,,,,,
25-Aug-22,12:33 PM,2778,1865,MTW - Motorcycle Heavy,Pedestrian,UP 14DC 2620,,,,,,,,,,,
25-Aug-22,12:33 PM,2779,1866,Bus (DTC Delhi),MTW - Motorcycle Light,DL 1PC 9282,,,,,,,,,,,
25-Aug-22,12:33 PM,2780,1866,MTW - Motorcycle Light,Bus (DTC Delhi),DL 7SBJ 2345,,,,,,,,,,,
25-Aug-22,12:33 PM,2781,1867,Light Commercial Vehicle,Unknown,DL 2W 0459,,,,,,,,,,,
25-Aug-22,12:33 PM,2782,1868,Light Commercial Vehicle,Light Commercial Vehicle,DL 1V 7905,,,,,,,,,,,
25-Aug-22,12:33 PM,2783,1868,Light Commercial Vehicle,Light Commercial Vehicle,DL 2W 2050,,,,,,,,,,,
25-Aug-22,12:33 PM,2784,1869,Unknown,Pedestrian,,,,,,,,,,,,
25-Aug-22,12:33 PM,2785,1870,Car - Commercial,MTW - Scooter/Moped,DL 6CN 5368,,,,,,,,,,,
25-Aug-22,12:33 PM,2786,1870,MTW - Scooter/Moped,Car - Commercial,DL 5SBP 7729,,,,,,,,,,,
25-Aug-22,12:33 PM,2787,1871,Bus (DTC Delhi),MTW - Motorcycle Light,DL 1PC 0681,,,,,,,,,,,
25-Aug-22,12:33 PM,2788,1871,MTW - Motorcycle Light,Bus (DTC Delhi),DL 5SBQ 5117,,,,,,,,,,,
25-Aug-22,12:33 PM,2789,1872,Mini Bus,Bus (DTC Delhi),DL 1VB 9041,,,,,,,,,,,
25-Aug-22,12:33 PM,2790,1873,MTW - Motorcycle Light,Pedestrian,,,,,,,,,,,,
25-Aug-22,12:33 PM,2791,1874,Light Commercial Vehicle,Pedestrian,DL 1LAC 7365,,,,,,,,,,,
25-Aug-22,12:33 PM,2792,1875,Unknown,Pedestrian,,,,,,,,,,,,
25-Aug-22,12:33 PM,2793,1876,MTW - Motorcycle Light,Pedestrian,UP 14DC 3378,,,,,,,,,,,
25-Aug-22,12:33 PM,2794,1877,Unknown,Pedestrian,,,,,,,,,,,,
25-Aug-22,12:33 PM,2795,1878,Unknown,Pedestrian,,,,,,,,,,,,
25-Aug-22,12:33 PM,2796,1879,Three Wheeler - Passenger,Pedestrian,,,,,,,,,,,,
25-Aug-22,12:33 PM,2797,1880,Unknown,Pedestrian,,,,,,,,,,,,
25-Aug-22,12:33 PM,2798,1881,Unknown,Pedestrian,,,,,,,,,,,,
25-Aug-22,12:33 PM,2799,1882,MTW - Motorcycle Light,Pole,DL 11SY 4411,,,,,,,,,,,
25-Aug-22,12:33 PM,2800,1883,Unknown,Pedestrian,,,,,,,,,,,,
25-Aug-22,12:33 PM,2801,1884,MTW - Motorcycle Light,Median,DL 11SX 0347,,,,,,,,,,,
25-Aug-22,12:33 PM,2802,1885,Truck (Generic),Pedestrian,HR 10AE 8938,,,,,,,,,,,
25-Aug-22,12:33 PM,2803,1886,MTW - Motorcycle Heavy,Pole,DL 8SCB 9865,,,,,,,,,,,
25-Aug-22,12:33 PM,2804,1887,MTW - Motorcycle Light,Not Applicable,DL 11SE 8337,,,,,,,,,,,
25-Aug-22,12:33 PM,2805,1888,Car - Commercial,Car - Commercial,DL 8CAJ 3382,,,,,,,,,,,
25-Aug-22,12:33 PM,2806,1888,Car - Commercial,Car - Commercial,HR 10G 2300,,,,,,,,,,,
25-Aug-22,12:33 PM,2807,1889,MTW - Motorcycle Light,Unknown,DL 8SNC 6824,,,,,,,,,,,
25-Aug-22,12:33 PM,2808,1890,Car - Passenger,MTW - Motorcycle Light,DL 1LAB 3846,,,,,,,,,,,
25-Aug-22,12:33 PM,2809,1890,MTW - Motorcycle Light,Car - Passenger,DL 10N 7353,,,,,,,,,,,
25-Aug-22,12:33 PM,2810,1891,Car - Commercial,Electric Cycle Rickshaw,DL 8CAS 4370,,,,,,,,,,,
25-Aug-22,12:33 PM,2811,1891,E-rickshaw,Car - Commercial,DL 11ER 7959,,,,,,,,,,,
25-Aug-22,12:33 PM,2812,1892,Car - Commercial,Pedestrian,HR 69C 3833,,,,,,,,,,,
25-Aug-22,12:33 PM,2813,1893,Unknown,Pedestrian,,,,,,,,,,,,
25-Aug-22,12:33 PM,2814,1894,Truck (Generic),Pedestrian,,,,,,,,,,,,
25-Aug-22,12:33 PM,2815,1895,MTW - Motorcycle Light,Pedestrian,DL 7SBR 2233,,,,,,,,,,,
25-Aug-22,12:33 PM,2816,1896,MTW - Motorcycle Light,Unknown,DL 13SX 4654,,,,,,,,,,,
25-Aug-22,12:33 PM,2817,1897,MTW - Motorcycle Light,Pedestrian,UP 14DU 4766,,,,,,,,,,,
25-Aug-22,12:33 PM,2818,1898,Three Wheeler - Passenger,Unknown,DL 1RV 8579,,,,,,,,,,,
25-Aug-22,12:33 PM,2819,1899,Unknown,Pedestrian,,,,,,,,,,,,
25-Aug-22,12:33 PM,2820,1900,Unknown,Pedestrian,,,,,,,,,,,,
25-Aug-22,12:33 PM,2821,1901,MTW - Motorcycle Light,Unknown,DL 13SU 1931,,,,,,,,,,,
25-Aug-22,12:33 PM,2822,1902,Truck (Generic),MTW - Motorcycle Light,DL 1M 6353,,,,,,,,,,,
25-Aug-22,12:33 PM,2823,1902,MTW - Motorcycle Light,Truck (Generic),UP 13AJ 2190,,,,,,,,,,,
25-Aug-22,12:33 PM,2824,1903,MTW - Motorcycle Light,Truck (Generic),DL 5SCB 8698,,,,,,,,,,,
25-Aug-22,12:33 PM,2825,1904,Bus (Cluster),Pedestrian,DL 1PD 2536,,,,,,,,,,,
25-Aug-22,12:33 PM,2826,1905,Light Commercial Vehicle,MTW - Motorcycle Light,DL 1M 9307,,,,,,,,,,,
25-Aug-22,12:33 PM,2827,,MTW - Motorcycle Light,Light Commercial Vehicle,DL 9SBR 3868,,,,,,,,,,,
25-Aug-22,12:33 PM,2828,1906,E-rickshaw,Pedestrian,DL 9ER 2247,,,,,,,,,,,
25-Aug-22,12:33 PM,2829,1907,MTW - Motorcycle Light,Unknown,,,,,,,,,,,,
25-Aug-22,12:33 PM,2830,1908,Unknown,Pedestrian,,,,,,,,,,,,
25-Aug-22,12:33 PM,2831,1909,Car - Commercial,MTW - Motorcycle Light,HR 26DH 0522,,,,,,,,,,,
25-Aug-22,12:33 PM,2832,1909,MTW - Motorcycle Light,Car - Commercial,DL 6SAF 7034,,,,,,,,,,,
25-Aug-22,12:33 PM,2833,1909,Car - Passenger,Car - Commercial,DL 1ZC 1011,,,,,,,,,,,
25-Aug-22,12:33 PM,2834,1910,MTW - Motorcycle Light,Car - Commercial,DL 7SBS 2005,,,,,,,,,,,
25-Aug-22,12:33 PM,2835,1911,Bicycle,Unknown,,,,,,,,,,,,
25-Aug-22,12:33 PM,2836,1912,MTW - Scooter/Moped,Not Applicable,,,,,,,,,,,,
25-Aug-22,12:33 PM,2837,1913,Car - Passenger,MTW - Motorcycle Light,DL 1RT 4612,,,,,,,,,,,
25-Aug-22,12:33 PM,2838,1913,MTW - Motorcycle Light,Car - Passenger,DL 7SAE 7824,,,,,,,,,,,
25-Aug-22,12:33 PM,2839,1914,Multi-Axle Heavy Commercial Vehicle,MTW - Motorcycle Light,DL 1LY 9538,,,,,,,,,,,
25-Aug-22,12:33 PM,2840,1914,MTW - Motorcycle Light,Multi-Axle Heavy Commercial Vehicle,DL 6SAY 9315,,,,,,,,,,,
25-Aug-22,12:33 PM,2841,1915,Bus (Cluster),MTW - Motorcycle Light,DL 1PC 6236,,,,,,,,,,,
25-Aug-22,12:33 PM,2842,1915,MTW - Motorcycle Light,Bus (Cluster),DL 7SCH 7669,,,,,,,,,,,
25-Aug-22,12:33 PM,2843,1916,Three Wheeler - Passenger,Unknown,DL 1RZ 0169,,,,,,,,,,,
25-Aug-22,12:33 PM,2844,1917,Bus (DTC Delhi),Pedestrian,DL 1PC 7171,,,,,,,,,,,
25-Aug-22,12:33 PM,2845,1918,Unknown,Pedestrian,,,,,,,,,,,,
25-Aug-22,12:33 PM,2846,1919,Unknown,Pedestrian,,,,,,,,,,,,
25-Aug-22,12:33 PM,2847,1920,MTW - Motorcycle Light,Car - Commercial,DL 3SBG 2645,,,,,,,,,,,
25-Aug-22,12:33 PM,2848,1921,MTW - Scooter/Moped,Unknown,DL 13SY 0330,,,,,,,,,,,
25-Aug-22,12:33 PM,2849,1922,Bus,Not Applicable,UP 77AN 2997,,,,,,,,,,,
25-Aug-22,12:33 PM,2850,1923,Bus,MTW - Scooter/Moped,UP 78FN 5370,,,,,,,,,,,
25-Aug-22,12:33 PM,2851,1923,MTW - Scooter/Moped,Bus,DL 5SBM 3506,,,,,,,,,,,
25-Aug-22,12:33 PM,2852,1924,Bus,MTW - Scooter/Moped,UP 30AT 2673,,,,,,,,,,,
25-Aug-22,12:33 PM,2853,1924,MTW - Scooter/Moped,Bus,DL 14SH 2044,,,,,,,,,,,
25-Aug-22,12:33 PM,2854,1925,Light Commercial Vehicle,Cycle Rickshaw,,,,,,,,,,,,
25-Aug-22,12:33 PM,2855,1926,Unknown,Pedestrian,,,,,,,,,,,,
25-Aug-22,12:33 PM,2856,1927,Bus (Cluster),Not Applicable,,,,,,,,,,,,
25-Aug-22,12:33 PM,2857,1928,Unknown,MTW - Scooter/Moped,,,,,,,,,,,,
25-Aug-22,12:33 PM,2858,1929,Unknown,Pedestrian,,,,,,,,,,,,
25-Aug-22,12:33 PM,2859,1930,Bus,MTW - Motorcycle Light,UP 78FN 7593,,,,,,,,,,,
25-Aug-22,12:33 PM,2860,1930,MTW - Motorcycle Light,Bus,DL 1SR 3239,,,,,,,,,,,
25-Aug-22,12:33 PM,2861,1931,MTW - Motorcycle Light,Truck (Generic),DL 5SCB 4147,,,,,,,,,,,
25-Aug-22,12:33 PM,2862,1932,MTW - Motorcycle Light,Truck (Generic),DL 5SAS 3612,,,,,,,,,,,
25-Aug-22,12:33 PM,2863,1933,MTW - Motorcycle Light,Unknown,DL 5SAP 7314,,,,,,,,,,,
25-Aug-22,12:33 PM,2864,1934,Bus (Cluster),Pedestrian,DL 1PD 2674,,,,,,,,,,,
25-Aug-22,12:33 PM,2865,1935,Unknown,Pedestrian,,,,,,,,,,,,
25-Aug-22,12:33 PM,2866,1936,Unknown,Pedestrian,,,,,,,,,,,,
25-Aug-22,12:33 PM,2867,1937,Car - Commercial,Tree,DL 3CAK 8738,,,,,,,,,,,
25-Aug-22,12:33 PM,2868,1938,Unknown,Pedestrian,,,,,,,,,,,,
25-Aug-22,12:33 PM,2869,1939,Truck (Generic),Pedestrian,RJ 10GB 1554,,,,,,,,,,,
25-Aug-22,12:33 PM,2870,1940,Truck (Generic),Three Wheeler - Passenger,HR 55Q 0298,,,,,,,,,,,
25-Aug-22,12:33 PM,2871,1940,Three Wheeler - Passenger,Truck (Generic),DL 1NCR 0160,,,,,,,,,,,
25-Aug-22,12:33 PM,2872,1941,MTW - Scooter/Moped,Pedestrian,DL 8SX 3206,,,,,,,,,,,
25-Aug-22,12:33 PM,2873,1942,MTW - Scooter/Moped,Median,DL 8SCC 9415,,,,,,,,,,,
25-Aug-22,12:33 PM,2874,1943,Truck (Generic),MTW - Scooter/Moped,RJ 14GK 6156,,,,,,,,,,,
25-Aug-22,12:33 PM,2875,1943,MTW - Scooter/Moped,Truck (Generic),DL 8SCQ 7698,,,,,,,,,,,
25-Aug-22,12:33 PM,2876,1944,Car - Commercial,Pedestrian,DL 10CA 9079,,,,,,,,,,,
25-Aug-22,12:33 PM,2877,1945,Light Commercial Vehicle,Not Applicable,DL 1LP 2356,,,,,,,,,,,
25-Aug-22,12:33 PM,2878,1946,Unknown,Pedestrian,,,,,,,,,,,,
25-Aug-22,12:33 PM,2879,1947,Truck (Generic),MTW - Motorcycle Light,HR 55AA 0235,,,,,,,,,,,
25-Aug-22,12:33 PM,2880,1947,MTW - Motorcycle Light,Truck (Generic),DL 6SAS 4354,,,,,,,,,,,
25-Aug-22,12:33 PM,2881,1948,Unknown,Pedestrian,,,,,,,,,,,,
25-Aug-22,12:33 PM,2882,1949,MTW - Motorcycle Light,Unknown,DL 8SAP 0871,,,,,,,,,,,
25-Aug-22,12:33 PM,2883,1950,Unknown,Pedestrian,,,,,,,,,,,,
25-Aug-22,12:33 PM,2884,1951,Unknown,Pedestrian,,,,,,,,,,,,
25-Aug-22,12:33 PM,2885,1952,"Car - Van, Commercial",MTW - Scooter/Moped,DL 1CW 7028,,,,,,,,,,,
25-Aug-22,12:33 PM,2886,1952,MTW - Scooter/Moped,"Car - Van, Commercial",DL 11SD 1488,,,,,,,,,,,
25-Aug-22,12:33 PM,2887,1952,MTW - Motorcycle Light,"Car - Van, Commercial",DL 11SY 7788,,,,,,,,,,,
25-Aug-22,12:33 PM,2888,1952,"Car - Van, Commercial",Pedestrian,DL 1CW 7028,,,,,,,,,,,
25-Aug-22,12:33 PM,2889,1953,Unknown,Pedestrian,,,,,,,,,,,,
25-Aug-22,12:33 PM,2890,1954,Unknown,Pedestrian,,,,,,,,,,,,
25-Aug-22,12:33 PM,2891,1955,Unknown,Pedestrian,,,,,,,,,,,,
25-Aug-22,12:33 PM,2892,1956,Unknown,Pedestrian,,,,,,,,,,,,
25-Aug-22,12:33 PM,2893,1957,Unknown,Pedestrian,,,,,,,,,,,,
25-Aug-22,12:33 PM,2894,1958,Unknown,Pedestrian,,,,,,,,,,,,
25-Aug-22,12:33 PM,2895,1959,Unknown,Pedestrian,,,,,,,,,,,,
25-Aug-22,12:33 PM,2896,1960,MTW - Motorcycle Light,Unknown,DL 8SB 9435,,,,,,,,,,,
25-Aug-22,12:33 PM,2897,1961,Car - Commercial,Median,DL 4CAG 0130,,,,,,,,,,,
25-Aug-22,12:33 PM,2898,1962,Unknown,Pedestrian,,,,,,,,,,,,
25-Aug-22,12:33 PM,2899,1963,Unknown,Cycle Rickshaw,,,,,,,,,,,,
25-Aug-22,12:33 PM,2900,1964,MTW - Scooter/Moped,Not Applicable,DL 10SD 3125,,,,,,,,,,,
25-Aug-22,12:33 PM,2901,1965,Bus,Pedestrian,,,,,,,,,,,,
25-Aug-22,12:33 PM,2902,1966,Unknown,Pedestrian,,,,,,,,,,,,
25-Aug-22,12:33 PM,2903,1967,MTW - Motorcycle Light,MTW - Motorcycle Light,DL 7SZ 7713,,,,,,,,,,,
25-Aug-22,12:33 PM,2904,,MTW - Motorcycle Light,MTW - Motorcycle Light,DL 1SY 9120,,,,,,,,,,,
25-Aug-22,12:33 PM,2905,1968,Light Commercial Vehicle,Truck (Generic),DL 1LN 0939,,,,,,,,,,,
25-Aug-22,12:33 PM,2906,1969,Unknown,Pedestrian,,,,,,,,,,,,
25-Aug-22,12:33 PM,2907,1970,MTW - Scooter/Moped,Unknown,DL 8SBC 6789,,,,,,,,,,,
25-Aug-22,12:33 PM,2908,1971,Unknown,Pedestrian,,,,,,,,,,,,
25-Aug-22,12:33 PM,2909,1972,Unknown,Pedestrian,,,,,,,,,,,,
25-Aug-22,12:33 PM,2910,1973,Unknown,Pedestrian,,,,,,,,,,,,
25-Aug-22,12:33 PM,2911,1974,MTW - Scooter/Moped,Pedestrian,DL 9SBF 0694,,,,,,,,,,,
25-Aug-22,12:33 PM,2912,1975,Unknown,Pedestrian,,,,,,,,,,,,
25-Aug-22,12:33 PM,2913,1976,Light Commercial Vehicle,Pedestrian,DL 1MA 0979,,,,,,,,,,,
25-Aug-22,12:33 PM,2914,1977,Unknown,Pedestrian,,,,,,,,,,,,
25-Aug-22,12:33 PM,2915,1978,Unknown,Pedestrian,,,,,,,,,,,,
25-Aug-22,12:33 PM,2916,1979,Unknown,Pedestrian,,,,,,,,,,,,
25-Aug-22,12:33 PM,2917,1980,Unknown,Pedestrian,,,,,,,,,,,,
25-Aug-22,12:33 PM,2918,1981,Unknown,Pedestrian,,,,,,,,,,,,
25-Aug-22,12:33 PM,2919,1982,MTW - Motorcycle Light,Bus,DL 5SCA 2055,,,,,,,,,,,
25-Aug-22,12:33 PM,2920,1983,Unknown,Pedestrian,,,,,,,,,,,,
25-Aug-22,12:33 PM,2921,1984,Unknown,Pedestrian,,,,,,,,,,,,
25-Aug-22,12:33 PM,2922,1985,Unknown,Pedestrian,,,,,,,,,,,,
25-Aug-22,12:33 PM,2923,1986,Unknown,Pedestrian,,,,,,,,,,,,
25-Aug-22,12:33 PM,2924,1987,Car - Commercial,Pedestrian,DL 3CCP 6644,,,,,,,,,,,
25-Aug-22,12:33 PM,2925,1988,Unknown,Pedestrian,,,,,,,,,,,,
25-Aug-22,12:33 PM,2926,1989,MTW - Motorcycle Light,Unknown,DL 7SAE 9647,,,,,,,,,,,
25-Aug-22,12:33 PM,2927,1990,Bus (Cluster),Not Applicable,DL 1PD 1587,,,,,,,,,,,
25-Aug-22,12:33 PM,2928,1991,Car - Commercial,Pedestrian,,,,,,,,,,,,
25-Aug-22,12:33 PM,2929,1992,Unknown,Pedestrian,,,,,,,,,,,,
25-Aug-22,12:33 PM,2930,1993,Unknown,Pedestrian,,,,,,,,,,,,
25-Aug-22,12:33 PM,2931,1994,MTW - Scooter/Moped,Unknown,DL 5SCA 4526,,,,,,,,,,,
25-Aug-22,12:33 PM,2932,1995,MTW - Scooter/Moped,Unknown,DL 11SK 1703,,,,,,,,,,,
25-Aug-22,12:33 PM,2933,1996,Unknown,Pedestrian,,,,,,,,,,,,
25-Aug-22,12:33 PM,2934,1997,Unknown,Pedestrian,,,,,,,,,,,,
25-Aug-22,12:33 PM,2935,1998,Truck (Generic),Pedestrian,DL 1GC 5620,,,,,,,,,,,
25-Aug-22,12:33 PM,2936,1999,Unknown,Pedestrian,,,,,,,,,,,,
25-Aug-22,12:33 PM,2937,2000,MTW - Motorcycle Light,Not Applicable,,,,,,,,,,,,
25-Aug-22,12:33 PM,2938,2001,Unknown,Pedestrian,,,,,,,,,,,,
25-Aug-22,12:33 PM,2939,2002,Truck (Generic),MTW - Motorcycle Light,DL 17T 4625,,,,,,,,,,,
25-Aug-22,12:33 PM,2940,2002,MTW - Motorcycle Light,Truck (Generic),DL 4SAV 6088,,,,,,,,,,,
25-Aug-22,12:33 PM,2941,2003,Car - Commercial,MTW - Scooter/Moped,,,,,,,,,,,,
25-Aug-22,12:33 PM,2942,2003,MTW - Scooter/Moped,Car - Commercial,DL 5SBX 6608,,,,,,,,,,,
25-Aug-22,12:33 PM,2943,2004,Unknown,Pedestrian,,,,,,,,,,,,
25-Aug-22,12:33 PM,2944,2005,Car - Commercial,Bicycle,DL 2EAK 5207,,,,,,,,,,,
25-Aug-22,12:33 PM,2945,2006,MTW - Motorcycle Light,Unknown,DL 5SAR 5447,,,,,,,,,,,
25-Aug-22,12:33 PM,2946,2007,MTW - Motorcycle Light,Pedestrian,DL 7SCE 0122,,,,,,,,,,,
25-Aug-22,12:33 PM,2947,2008,Unknown,Pedestrian,,,,,,,,,,,,
25-Aug-22,12:33 PM,2948,2009,Unknown,Pedestrian,,,,,,,,,,,,
25-Aug-22,12:33 PM,2949,2010,MTW - Motorcycle Light,MTW - Motorcycle Light,DL 9SBT 4577,,,,,,,,,,,
25-Aug-22,12:33 PM,2950,2011,MTW - Motorcycle Light,Unknown,DL 13SC 9112,,,,,,,,,,,
25-Aug-22,12:33 PM,2951,2012,Unknown,Pedestrian,,,,,,,,,,,,
25-Aug-22,12:33 PM,2952,2013,MTW - Scooter/Moped,Unknown,DL 11SW 8431,,,,,,,,,,,
25-Aug-22,12:33 PM,2953,2014,MTW - Motorcycle Light,Unknown,DL 8SBU 40,,,,,,,,,,,
25-Aug-22,12:33 PM,2954,2015,Unknown,Pedestrian,,,,,,,,,,,,
25-Aug-22,12:33 PM,2955,2016,MTW - Motorcycle Light,Unknown,DL 7SCA 4250,,,,,,,,,,,
25-Aug-22,12:33 PM,2956,2017,Unknown,Pedestrian,,,,,,,,,,,,
25-Aug-22,12:33 PM,2957,2018,Unknown,Pedestrian,,,,,,,,,,,,
25-Aug-22,12:33 PM,2958,2019,Unknown,Pedestrian,,,,,,,,,,,,
25-Aug-22,12:33 PM,2959,2020,Unknown,Pedestrian,,,,,,,,,,,,
25-Aug-22,12:33 PM,2960,2021,MTW - Motorcycle Light,Pedestrian,DL 4SCB 1173,,,,,,,,,,,
25-Aug-22,12:33 PM,2961,2022,Three Wheeler - Passenger,Pedestrian,DL 1RY 5426,,,,,,,,,,,
25-Aug-22,12:33 PM,2962,2023,MTW - Motorcycle Light,Unknown,DL 5SBP 3008,,,,,,,,,,,
25-Aug-22,12:33 PM,2963,2024,MTW - Motorcycle Light,Not Applicable,DL 5SCD 2724,,,,,,,,,,,
25-Aug-22,12:33 PM,2964,2025,MTW - Motorcycle Light,Unknown,DL 9SAQ 9016,,,,,,,,,,,
25-Aug-22,12:33 PM,2965,2026,MTW - Motorcycle Light,Unknown,DL 6SAE 9849,,,,,,,,,,,
25-Aug-22,12:33 PM,2966,2027,Unknown,Pedestrian,,,,,,,,,,,,
25-Aug-22,12:33 PM,2967,2028,Unknown,Pedestrian,,,,,,,,,,,,
25-Aug-22,12:33 PM,2968,2029,MTW - Scooter/Moped,Unknown,DL 5SAR 2728,,,,,,,,,,,
25-Aug-22,12:33 PM,2969,2030,Unknown,Pedestrian,,,,,,,,,,,,
25-Aug-22,12:33 PM,2970,2031,Unknown,Pedestrian,,,,,,,,,,,,
25-Aug-22,12:33 PM,2971,2032,Car - Commercial,Pedestrian,,,,,,,,,,,,
25-Aug-22,12:33 PM,2972,2033,MTW - Scooter/Moped,Unknown,DL 13SU 1716,,,,,,,,,,,
25-Aug-22,12:33 PM,2973,2034,Unknown,Pedestrian,,,,,,,,,,,,
25-Aug-22,12:33 PM,2974,2035,Truck (Generic),Car - Commercial,HR 38S 6444,,,,,,,,,,,
25-Aug-22,12:33 PM,2975,2035,Car - Commercial,Truck (Generic),HR 10G 6845,,,,,,,,,,,
25-Aug-22,12:33 PM,2976,2036,MTW - Motorcycle Light,Multi-Axle Heavy Commercial Vehicle,DL 7SZ 0322,,,,,,,,,,,
25-Aug-22,12:33 PM,2977,2037,MTW - Motorcycle Light,Unknown,DL 5SBT 3862,,,,,,,,,,,
25-Aug-22,12:33 PM,2978,2038,Truck (Generic),Pedestrian,,,,,,,,,,,,
25-Aug-22,12:33 PM,2979,2039,MTW - Motorcycle Light,MTW - Motorcycle Light,DL 5SAW 1284,,,,,,,,,,,
25-Aug-22,12:33 PM,2980,2040,Bus (Cluster),MTW - Scooter/Moped,DL 1PC 2886,,,,,,,,,,,
25-Aug-22,12:33 PM,2981,2040,MTW - Scooter/Moped,Bus (Cluster),DL 8SBZ 0128,,,,,,,,,,,
25-Aug-22,12:33 PM,2982,2041,Car - Commercial,Pedestrian,DL 13CA 6732,,,,,,,,,,,
25-Aug-22,12:33 PM,2983,2042,Unknown,Pedestrian,,,,,,,,,,,,
25-Aug-22,12:33 PM,2984,2043,Unknown,Pedestrian,,,,,,,,,,,,
25-Aug-22,12:33 PM,2985,2044,MTW - Motorcycle Light,Unknown,DL 11SE 4013,,,,,,,,,,,
25-Aug-22,12:33 PM,2986,2045,Unknown,Pedestrian,,,,,,,,,,,,
25-Aug-22,12:33 PM,2987,2046,Unknown,Pedestrian,,,,,,,,,,,,
25-Aug-22,12:33 PM,2988,2047,MTW - Scooter/Moped,Unknown,DL 12SB 3147,,,,,,,,,,,
25-Aug-22,12:33 PM,2989,2048,Unknown,Pedestrian,,,,,,,,,,,,
25-Aug-22,12:33 PM,2990,2049,Truck (Generic),Pedestrian,UP 14DU 5025,,,,,,,,,,,
25-Aug-22,12:33 PM,2991,2050,MTW - Motorcycle Light,Pedestrian,,,,,,,,,,,,
25-Aug-22,12:33 PM,2992,2051,Truck (Generic),Pedestrian,DL 1EA 0007,,,,,,,,,,,
25-Aug-22,12:33 PM,2993,2052,Car - Commercial,Pedestrian,DL 6CM 5950,,,,,,,,,,,
25-Aug-22,12:33 PM,2994,2053,Unknown,Pedestrian,,,,,,,,,,,,
25-Aug-22,12:33 PM,2995,2054,Unknown,Bicycle,,,,,,,,,,,,
25-Aug-22,12:33 PM,2996,2055,Unknown,Pedestrian,,,,,,,,,,,,
25-Aug-22,12:33 PM,2997,2056,Multi-Axle Heavy Commercial Vehicle,Bicycle,,,,,,,,,,,,
25-Aug-22,12:33 PM,2998,2057,MTW - Scooter/Moped,Unknown,DL 5SBE 2574,,,,,,,,,,,
25-Aug-22,12:33 PM,2999,2058,Car - Commercial,Pedestrian,DL 10CK 0292,,,,,,,,,,,
25-Aug-22,12:33 PM,3000,2059,Unknown,Pedestrian,,,,,,,,,,,,
25-Aug-22,12:33 PM,3001,2060,Unknown,Pedestrian,,,,,,,,,,,,
25-Aug-22,12:33 PM,3002,2061,Car - Commercial,Pedestrian,DL 4CAN 7940,,,,,,,,,,,
25-Aug-22,12:33 PM,3003,2062,Bus (DTC Delhi),MTW - Motorcycle Light,DL 1PC 0560,,,,,,,,,,,
25-Aug-22,12:33 PM,3004,2062,MTW - Motorcycle Light,Bus (DTC Delhi),UP 14CJ 3054,,,,,,,,,,,
25-Aug-22,12:33 PM,3005,2063,MTW - Scooter/Moped,Unknown,DL 5SCE 3508,,,,,,,,,,,
25-Aug-22,12:33 PM,3006,2064,MTW - Motorcycle Heavy,Unknown,,,,,,,,,,,,
25-Aug-22,12:33 PM,3007,2065,Bus,Bicycle,UP 17AT 5927,,,,,,,,,,,
25-Aug-22,12:33 PM,3008,2066,MTW - Motorcycle Light,Not Applicable,DL 11ST 1422,,,,,,,,,,,
25-Aug-22,12:33 PM,3009,2067,MTW - Motorcycle Light,Unknown,DL 3SDB 2692,,,,,,,,,,,
25-Aug-22,12:33 PM,3010,2068,Bus (Cluster),MTW - Scooter/Moped,DL 1PC 5530,,,,,,,,,,,
25-Aug-22,12:33 PM,3011,2068,Bus (Cluster),MTW - Scooter/Moped,DL 1PC 5530,,,,,,,,,,,
25-Aug-22,12:33 PM,3012,2068,MTW - Scooter/Moped,Bus (Cluster),DL 3SDR 1694,,,,,,,,,,,
25-Aug-22,12:33 PM,3013,2069,Car - Commercial,Three Wheeler - Passenger,DL 3CBE 9861,,,,,,,,,,,
25-Aug-22,12:33 PM,3014,2069,Three Wheeler - Passenger,Car - Commercial,DL 1RM 1959,,,,,,,,,,,
25-Aug-22,12:33 PM,3015,2070,Car - Commercial,Pedestrian,HR 55AA 1490,,,,,,,,,,,
25-Aug-22,12:33 PM,3016,2071,Unknown,Pedestrian,,,,,,,,,,,,
25-Aug-22,12:33 PM,3017,2072,Truck (Generic),MTW - Motorcycle Light,UP 14GT 1487,,,,,,,,,,,
25-Aug-22,12:33 PM,3018,2072,MTW - Motorcycle Light,Truck (Generic),DL 11A 6490,,,,,,,,,,,
25-Aug-22,12:33 PM,3019,2073,Three Wheeler - Passenger,Others,DL 1RM 5275,,,,,,,,,,,
25-Aug-22,12:33 PM,3020,2074,Unknown,Pedestrian,,,,,,,,,,,,
25-Aug-22,12:33 PM,3021,2075,Three Wheeler - Passenger,Unknown,DL 1RN 3077,,,,,,,,,,,
25-Aug-22,12:33 PM,3022,2076,Light Commercial Vehicle,Pedestrian,DL 1LAA 1992,,,,,,,,,,,
25-Aug-22,12:33 PM,3023,2077,Car - Commercial,Pedestrian,,,,,,,,,,,,
25-Aug-22,12:33 PM,3024,2078,MTW - Scooter/Moped,Pedestrian,DL 8SBV 9455,,,,,,,,,,,
25-Aug-22,12:33 PM,3025,2079,Unknown,Pedestrian,,,,,,,,,,,,
25-Aug-22,12:33 PM,3026,2080,Truck (Generic),Pedestrian,,,,,,,,,,,,
25-Aug-22,12:33 PM,3027,2081,Unknown,Pedestrian,,,,,,,,,,,,
25-Aug-22,12:33 PM,3028,2082,Truck (Generic),MTW - Motorcycle Light,RJ 14GK 3045,,,,,,,,,,,
25-Aug-22,12:33 PM,3029,2082,MTW - Motorcycle Light,Truck (Generic),DL 11SW 7863,,,,,,,,,,,
25-Aug-22,12:33 PM,3030,2083,Car - Commercial,Pedestrian,DL 8CAG 5097,,,,,,,,,,,
25-Aug-22,12:33 PM,3031,2084,Bicycle,Unknown,,,,,,,,,,,,
25-Aug-22,12:33 PM,3032,2085,Unknown,Pedestrian,,,,,,,,,,,,
25-Aug-22,12:33 PM,3033,2086,Bus (Cluster),Pedestrian,DL 1PC 4136,,,,,,,,,,,
25-Aug-22,12:33 PM,3034,2087,MTW - Scooter/Moped,Unknown,UP 14DX 8730,,,,,,,,,,,
25-Aug-22,12:33 PM,3035,2088,MTW - Motorcycle Light,Unknown,DL 8SCF 6187,,,,,,,,,,,
25-Aug-22,12:33 PM,3036,2089,Car - Commercial,Electric Cycle Rickshaw,DL 10CE 1168,,,,,,,,,,,
25-Aug-22,12:33 PM,3037,2090,Light Commercial Vehicle,MTW - Motorcycle Light,DL 1LT 0456,,,,,,,,,,,
25-Aug-22,12:33 PM,3038,2090,MTW - Motorcycle Heavy,Light Commercial Vehicle,DL 1SZ 3378,,,,,,,,,,,
25-Aug-22,12:33 PM,3039,2091,MTW - Motorcycle Light,Unknown,DL 1SAD 4082,,,,,,,,,,,
25-Aug-22,12:33 PM,3040,2092,MTW - Motorcycle Light,Not Applicable,DL 5SBF 2022,,,,,,,,,,,
25-Aug-22,12:33 PM,3041,2093,Bus (Cluster),Not Applicable,,,,,,,,,,,,
25-Aug-22,12:33 PM,3042,2094,MTW - Motorcycle Light,Pedestrian,DL 8SCE 8780,,,,,,,,,,,
25-Aug-22,12:33 PM,3043,2095,"Car - SUV, Commercial",Unknown,DL 4CNB 7118,,,,,,,,,,,
25-Aug-22,12:33 PM,3044,2096,Truck (Generic),Pedestrian,PB 11BR 7751,,,,,,,,,,,
25-Aug-22,12:33 PM,3045,2097,Unknown,Pedestrian,,,,,,,,,,,,
25-Aug-22,12:33 PM,3046,2098,MTW - Scooter/Moped,Unknown,DL 5SBP 8983,,,,,,,,,,,
25-Aug-22,12:33 PM,3047,2099,Car - Commercial,Pedestrian,DL 1LY 6923,,,,,,,,,,,
25-Aug-22,12:33 PM,3048,2100,Bus (Cluster),MTW - Motorcycle Light,DL 1PC 1654,,,,,,,,,,,
25-Aug-22,12:33 PM,3049,2100,MTW - Motorcycle Light,Bus (Cluster),DL 9SAN 5916,,,,,,,,,,,
25-Aug-22,12:33 PM,3050,2101,MTW - Motorcycle Light,Unknown,UP 14EC 3037,,,,,,,,,,,
25-Aug-22,12:33 PM,3051,2102,Unknown,Pedestrian,,,,,,,,,,,,
25-Aug-22,12:33 PM,3052,2103,MTW - Motorcycle Light,MTW - Scooter/Moped,DL 13SB 1100,,,,,,,,,,,
25-Aug-22,12:33 PM,3053,2103,MTW - Scooter/Moped,MTW - Motorcycle Light,DL 12SK 2610,,,,,,,,,,,
25-Aug-22,12:33 PM,3054,2104,Light Commercial Vehicle,MTW - Scooter/Moped,DL 1LW 7236,,,,,,,,,,,
25-Aug-22,12:33 PM,3055,2104,MTW - Scooter/Moped,Light Commercial Vehicle,DL 12SE 4825,,,,,,,,,,,
25-Aug-22,12:33 PM,3056,2105,MTW - Scooter/Moped,Unknown,DL 8SCL 0264,,,,,,,,,,,
25-Aug-22,12:33 PM,3057,2106,MTW - Scooter/Moped,Unknown,DL 1SAB 4360,,,,,,,,,,,
25-Aug-22,12:33 PM,3058,2107,Truck (Generic),MTW - Motorcycle Light,UP 14FT 1584,,,,,,,,,,,
25-Aug-22,12:33 PM,3059,2107,MTW - Motorcycle Light,Truck (Generic),DL 3SBF 8669,,,,,,,,,,,
25-Aug-22,12:33 PM,3060,2108,MTW - Motorcycle Heavy,Not Applicable,HR 51BS 9623,,,,,,,,,,,
25-Aug-22,12:33 PM,3061,2109,Bus (Cluster),MTW - Scooter/Moped,DL 1PC 6727,,,,,,,,,,,
25-Aug-22,12:33 PM,3062,2109,MTW - Scooter/Moped,Bus (Cluster),DL 6SAY 4375,,,,,,,,,,,
25-Aug-22,12:33 PM,3063,2109,MTW - Motorcycle Light,Bus (Cluster),MH 46AQ 4150,,,,,,,,,,,
25-Aug-22,12:33 PM,3064,2109,MTW - Motorcycle Light,Bus (Cluster),DL 1SAC 7727,,,,,,,,,,,
25-Aug-22,12:33 PM,3065,2109,MTW - Motorcycle Light,Bus (Cluster),DL 3SDU 8149,,,,,,,,,,,
25-Aug-22,12:33 PM,3066,2109,Car - Commercial,Bus (Cluster),HR 13F 7257,,,,,,,,,,,
25-Aug-22,12:33 PM,3067,2109,Car - Commercial,Bus (Cluster),DL 12CE 6406,,,,,,,,,,,
25-Aug-22,12:33 PM,3068,2109,Light Commercial Vehicle,Bus (Cluster),DL 1LW 2965,,,,,,,,,,,
25-Aug-22,12:33 PM,3069,2109,Car - Commercial,Bus (Cluster),HR 12AA 8540,,,,,,,,,,,
25-Aug-22,12:33 PM,3070,2109,Car - Commercial,Bus (Cluster),DL 12B 8869,,,,,,,,,,,
25-Aug-22,12:33 PM,3071,2110,MTW - Scooter/Moped,Not Applicable,HR 26DM 7002,,,,,,,,,,,
25-Aug-22,12:33 PM,3072,2111,MTW - Motorcycle Light,Unknown,,,,,,,,,,,,
25-Aug-22,12:33 PM,3073,2112,MTW - Motorcycle Light,Unknown,DL 105Q 4978,,,,,,,,,,,
25-Aug-22,12:33 PM,3074,2113,Car - Commercial,Car - Passenger,DL 9CZ 1350,,,,,,,,,,,
25-Aug-22,12:33 PM,3075,2113,Car - Passenger,Car - Commercial,HR 55Y 4008,,,,,,,,,,,
25-Aug-22,12:33 PM,3076,2114,Unknown,Pedestrian,,,,,,,,,,,,
25-Aug-22,12:33 PM,3077,2115,Unknown,Pedestrian,,,,,,,,,,,,
25-Aug-22,12:33 PM,3078,2116,MTW - Scooter/Moped,MTW - Motorcycle Light,DL 7SBM 0543,,,,,,,,,,,
25-Aug-22,12:33 PM,3079,2116,MTW - Motorcycle Light,MTW - Scooter/Moped,DL 7SCD 2739,,,,,,,,,,,
25-Aug-22,12:33 PM,3080,2117,Three Wheeler - Passenger,Car - Commercial,DL 1RN 0569,,,,,,,,,,,
25-Aug-22,12:33 PM,3081,2117,Car - Commercial,Three Wheeler - Passenger,DL 1VA 9327,,,,,,,,,,,
25-Aug-22,12:33 PM,3082,2118,Car - Commercial,MTW - Scooter/Moped,DL 2CAD 8023,,,,,,,,,,,
25-Aug-22,12:33 PM,3083,2118,MTW - Scooter/Moped,Car - Commercial,DL 13SX 4709,,,,,,,,,,,
25-Aug-22,12:33 PM,3084,2119,MTW - Motorcycle Light,Pedestrian,DL 14SK 8583,,,,,,,,,,,
25-Aug-22,12:33 PM,3085,2120,Car - Commercial,Three Wheeler - Passenger,DL 12A 9922,,,,,,,,,,,
25-Aug-22,12:33 PM,3086,2120,Three Wheeler - Passenger,Car - Commercial,,,,,,,,,,,,
25-Aug-22,12:33 PM,3087,2121,MTW - Motorcycle Light,Pedestrian,DL 7SCD 2054,,,,,,,,,,,
25-Aug-22,12:33 PM,3088,2122,Unknown,Pedestrian,,,,,,,,,,,,
25-Aug-22,12:33 PM,3089,2123,MTW - Motorcycle Light,Hand Drawn Vehicle,UP 14CM 8876,,,,,,,,,,,
25-Aug-22,12:33 PM,3090,2124,MTW - Scooter/Moped,Car - Commercial,DL 13SL 6706,,,,,,,,,,,
25-Aug-22,12:33 PM,3091,2125,Car - Commercial,MTW - Motorcycle Light,DL 7CQ 6553,,,,,,,,,,,
25-Aug-22,12:33 PM,3092,2125,MTW - Motorcycle Light,Car - Commercial,DL 7SCA 7461,,,,,,,,,,,
25-Aug-22,12:33 PM,3093,2125,MTW - Scooter/Moped,Car - Commercial,DL 7SCB 6406,,,,,,,,,,,
25-Aug-22,12:33 PM,3094,2126,MTW - Motorcycle Light,Unknown,DL 13SF 4980,,,,,,,,,,,
25-Aug-22,12:33 PM,3095,2127,Truck (Generic),Light Commercial Vehicle,HR 69C 5658,,,,,,,,,,,
25-Aug-22,12:33 PM,3096,2127,Light Commercial Vehicle,Truck (Generic),DL 1LW 3910,,,,,,,,,,,
25-Aug-22,12:33 PM,3097,2128,MTW - Motorcycle Light,Car - Commercial,DL 13SU 0519,,,,,,,,,,,
25-Aug-22,12:33 PM,3098,2128,MTW - Motorcycle Light,Car - Commercial,DL SBX 7080,,,,,,,,,,,
25-Aug-22,12:33 PM,3099,2129,Bus (Cluster),Three Wheeler - Passenger,DL 1PC 6621,,,,,,,,,,,
25-Aug-22,12:33 PM,3100,2129,Three Wheeler - Passenger,Bus (Cluster),DL 1RU 2252,,,,,,,,,,,
25-Aug-22,12:33 PM,3101,2129,Intermediate Commercial Vehicle,Three Wheeler - Passenger,DL 1LP 0991,,,,,,,,,,,
25-Aug-22,12:33 PM,3102,2129,Light Commercial Vehicle,Intermediate Commercial Vehicle,DL 1LY 6240,,,,,,,,,,,
25-Aug-22,12:33 PM,3103,2129,Car - Commercial,Light Commercial Vehicle,DL 2CAS 3078,,,,,,,,,,,
25-Aug-22,12:33 PM,3104,2129,Three Wheeler - Passenger,Bus (Cluster),DL 1RQ 9524,,,,,,,,,,,
25-Aug-22,12:33 PM,3106,2129,MTW - Scooter/Moped,Unknown,DL 6SN 3916,,,,,,,,,,,
25-Aug-22,12:33 PM,3107,2130,Bus (Cluster),Pedestrian,DL 1PD 3140,,,,,,,,,,,
25-Aug-22,12:33 PM,3108,2131,Unknown,Pedestrian,,,,,,,,,,,,
25-Aug-22,12:33 PM,3109,2132,Car - Commercial,MTW - Scooter/Moped,DL 8CAF 6873,,,,,,,,,,,
25-Aug-22,12:33 PM,3110,2132,MTW - Scooter/Moped,Car - Commercial,DL 7SCG 7972,,,,,,,,,,,
25-Aug-22,12:33 PM,3111,2133,Unknown,Pedestrian,,,,,,,,,,,,
25-Aug-22,12:33 PM,3112,2134,MTW - Motorcycle Light,Unknown,DL 7SCH 8686,,,,,,,,,,,
25-Aug-22,12:33 PM,3113,2135,Unknown,Pedestrian,,,,,,,,,,,,
25-Aug-22,12:33 PM,3114,2136,Car - Commercial,MTW - Scooter/Moped,DL 3CCP 9920,,,,,,,,,,,
25-Aug-22,12:33 PM,3115,2136,MTW - Scooter/Moped,Car - Commercial,DL 8SBW 3745,,,,,,,,,,,
25-Aug-22,12:33 PM,3116,2137,MTW - Motorcycle Light,Pedestrian,DL 13ST 0116,,,,,,,,,,,
25-Aug-22,12:33 PM,3117,2138,Car - Commercial,MTW - Motorcycle Light,DL 5CK 1043,,,,,,,,,,,
25-Aug-22,12:33 PM,3118,2138,MTW - Motorcycle Light,Car - Commercial,DL 5SBM 9817,,,,,,,,,,,
25-Aug-22,12:33 PM,3119,2139,MTW - Motorcycle Light,Unknown,DL 12SG 7834,,,,,,,,,,,
25-Aug-22,12:33 PM,3120,2140,MTW - Motorcycle Light,MTW - Scooter/Moped,DL 10S 2583,,,,,,,,,,,
25-Aug-22,12:33 PM,3121,2140,MTW - Scooter/Moped,MTW - Motorcycle Light,DL 6SAW 5341,,,,,,,,,,,
25-Aug-22,12:33 PM,3122,2141,MTW - Motorcycle Light,MTW - Motorcycle Light,DL 3SAN 1372,,,,,,,,,,,
25-Aug-22,12:33 PM,3123,2141,MTW - Motorcycle Light,MTW - Motorcycle Light,DL 3SBV 7041,,,,,,,,,,,
25-Aug-22,12:33 PM,3124,2142,MTW - Motorcycle Heavy,Unknown,UP 32HX 3170,,,,,,,,,,,
25-Aug-22,12:33 PM,3125,2143,MTW - Motorcycle Light,Pedestrian,DL 11SE 3793,,,,,,,,,,,
25-Aug-22,12:33 PM,3126,2144,MTW - Motorcycle Light,Bicycle,DL 5S 8814,,,,,,,,,,,
25-Aug-22,12:33 PM,3127,2145,MTW - Motorcycle Light,Not Applicable,DL 11SX 5482,,,,,,,,,,,
